,text_recessie_gold,text_recessie,text_boukes_gold,text_boukes,text_LIWC_gold,text_LIWC,text_sentistrength_gold,text_sentistrength,text_pattern_gold,text_pattern,text_polyglot_gold,text_polyglot,text_DANEW_gold,text_DANEW,text_top4_gold,text_top4,text_top3_gold,text_top3,text_top2_gold,text_top2,text_top1_gold,text_top1
0,1,0,1,1,1,0,1,0,1,1,1,0,1,-1,1,0,1,0,1,0,1,0
1,1,0,1,0,1,0,1,1,1,0,1,1,1,1,1,1,1,1,1,0,1,0
2,1,0,1,0,1,0,1,1,1,1,1,1,1,-1,1,1,1,1,1,1,1,0
3,1,0,1,0,1,1,1,-1,1,1,1,1,1,0,1,0,1,0,1,1,1,1
4,1,0,1,0,1,1,1,0,1,0,1,0,1,0,1,0,1,0,1,0,1,1
5,-1,0,-1,0,-1,-1,-1,0,-1,-1,-1,-1,-1,0,-1,-1,-1,-1,-1,-1,-1,-1
6,1,0,1,0,1,1,1,0,1,0,1,0,1,0,1,0,1,0,1,1,1,1
7,-1,0,-1,-1,-1,-1,-1,0,-1,0,-1,0,-1,1,-1,0,-1,-1,-1,-1,-1,-1
8,0,0,0,0,0,1,0,1,0,0,0,0,0,0,0,1,0,1,0,1,0,1
9,-1,0,-1,-1,-1,0,-1,0,-1,1,-1,-1,-1,1,-1,0,-1,-1,-1,-1,-1,0
10,1,0,1,0,1,0,1,1,1,0,1,0,1,0,1,0,1,0,1,0,1,0
11,1,0,1,1,1,1,1,0,1,1,1,0,1,1,1,1,1,0,1,1,1,1
12,1,0,1,1,1,1,1,0,1,-1,1,0,1,0,1,0,1,0,1,1,1,1
13,1,0,1,0,1,0,1,-1,1,-1,1,-1,1,-1,1,-1,1,-1,1,-1,1,0
14,1,0,1,1,1,0,1,0,1,-1,1,0,1,0,1,0,1,0,1,0,1,0
15,1,0,1,0,1,-1,1,-1,1,0,1,0,1,-1,1,-1,1,-1,1,-1,1,-1
16,1,0,1,1,1,1,1,1,1,0,1,0,1,0,1,1,1,1,1,1,1,1
17,1,0,1,0,1,1,1,0,1,-1,1,1,1,1,1,1,1,1,1,1,1,1
18,1,0,1,0,1,0,1,0,1,0,1,-1,1,-1,1,-1,1,-1,1,-1,1,0
19,-1,0,-1,0,-1,0,-1,0,-1,0,-1,-1,-1,-1,-1,-1,-1,-1,-1,0,-1,0
20,-1,0,-1,-1,-1,0,-1,1,-1,-1,-1,-1,-1,-1,-1,0,-1,0,-1,-1,-1,0
21,-1,0,-1,0,-1,0,-1,1,-1,0,-1,-1,-1,-1,-1,0,-1,0,-1,-1,-1,0
22,-1,0,-1,0,-1,-1,-1,-1,-1,1,-1,0,-1,-1,-1,-1,-1,-1,-1,0,-1,-1
23,1,0,1,0,1,1,1,0,1,0,1,1,1,0,1,1,1,1,1,1,1,1
24,1,0,1,1,1,0,1,0,1,-1,1,0,1,-1,1,-1,1,0,1,0,1,0
25,1,0,1,0,1,0,1,1,1,-1,1,-1,1,-1,1,-1,1,-1,1,-1,1,0
26,-1,0,-1,0,-1,-1,-1,1,-1,1,-1,-1,-1,1,-1,0,-1,-1,-1,-1,-1,-1
27,1,0,1,1,1,0,1,1,1,-1,1,0,1,0,1,0,1,0,1,0,1,0
28,1,0,1,0,1,0,1,0,1,0,1,0,1,1,1,0,1,0,1,0,1,0
29,1,0,1,0,1,-1,1,0,1,0,1,-1,1,0,1,-1,1,-1,1,-1,1,-1
30,-1,0,-1,0,-1,0,-1,1,-1,-1,-1,0,-1,-1,-1,0,-1,0,-1,0,-1,0
31,-1,0,-1,-1,-1,-1,-1,0,-1,0,-1,0,-1,-1,-1,-1,-1,-1,-1,-1,-1,-1
32,-1,0,-1,0,-1,1,-1,1,-1,1,-1,0,-1,1,-1,1,-1,1,-1,1,-1,1
33,1,0,1,0,1,-1,1,1,1,0,1,-1,1,0,1,0,1,0,1,-1,1,-1
34,-1,0,-1,-1,-1,-1,-1,1,-1,0,-1,-1,-1,-1,-1,-1,-1,-1,-1,-1,-1,-1
35,-1,0,-1,0,-1,-1,-1,-1,-1,-1,-1,1,-1,-1,-1,-1,-1,-1,-1,0,-1,-1
36,-1,0,-1,-1,-1,0,-1,0,-1,-1,-1,0,-1,-1,-1,-1,-1,0,-1,0,-1,0
37,1,0,1,0,1,-1,1,1,1,0,1,-1,1,0,1,0,1,-1,1,-1,1,-1
38,-1,0,-1,0,-1,-1,-1,0,-1,-1,-1,-1,-1,0,-1,-1,-1,-1,-1,-1,-1,-1
39,-1,0,-1,0,-1,1,-1,0,-1,0,-1,1,-1,0,-1,1,-1,1,-1,1,-1,1
40,1,0,1,0,1,1,1,1,1,-1,1,1,1,1,1,1,1,1,1,1,1,1
41,1,0,1,0,1,0,1,-1,1,1,1,0,1,1,1,0,1,-1,1,0,1,0
42,-1,0,-1,0,-1,0,-1,0,-1,-1,-1,1,-1,-1,-1,0,-1,0,-1,1,-1,0
43,-1,0,-1,-1,-1,-1,-1,-1,-1,1,-1,0,-1,-1,-1,-1,-1,-1,-1,0,-1,-1
44,0,0,0,1,0,0,0,1,0,0,0,0,0,0,0,0,0,0,0,0,0,0
45,-1,0,-1,0,-1,0,-1,1,-1,0,-1,0,-1,1,-1,1,-1,1,-1,0,-1,0
46,-1,0,-1,0,-1,0,-1,1,-1,-1,-1,-1,-1,0,-1,0,-1,0,-1,-1,-1,0
47,-1,0,-1,0,-1,-1,-1,1,-1,-1,-1,1,-1,-1,-1,0,-1,0,-1,0,-1,-1
48,1,0,1,-1,1,0,1,1,1,1,1,1,1,0,1,0,1,1,1,0,1,0
49,-1,0,-1,1,-1,0,-1,0,-1,0,-1,0,-1,1,-1,0,-1,0,-1,0,-1,0
50,-1,0,-1,0,-1,0,-1,0,-1,0,-1,0,-1,0,-1,0,-1,0,-1,0,-1,0
51,1,0,1,0,1,-1,1,0,1,1,1,1,1,-1,1,-1,1,0,1,0,1,-1
52,1,0,1,0,1,1,1,-1,1,0,1,1,1,-1,1,-1,1,0,1,1,1,1
53,1,0,1,0,1,0,1,-1,1,-1,1,1,1,0,1,0,1,0,1,1,1,0
54,-1,0,-1,-1,-1,-1,-1,-1,-1,-1,-1,0,-1,0,-1,-1,-1,-1,-1,-1,-1,-1
55,1,0,1,-1,1,0,1,-1,1,0,1,-1,1,1,1,-1,1,-1,1,-1,1,0
56,1,0,1,0,1,0,1,1,1,0,1,0,1,0,1,0,1,0,1,0,1,0
57,1,0,1,1,1,1,1,1,1,1,1,1,1,1,1,1,1,1,1,1,1,1
58,-1,0,-1,-1,-1,-1,-1,0,-1,-1,-1,0,-1,0,-1,-1,-1,-1,-1,-1,-1,-1
59,1,0,1,0,1,1,1,1,1,1,1,0,1,0,1,1,1,1,1,1,1,1
60,1,0,1,0,1,1,1,-1,1,0,1,0,1,0,1,0,1,0,1,0,1,1
61,-1,-1,-1,0,-1,-1,-1,0,-1,-1,-1,-1,-1,-1,-1,-1,-1,-1,-1,-1,-1,-1
62,1,0,1,0,1,0,1,1,1,0,1,0,1,-1,1,0,1,1,1,1,1,0
63,0,0,0,-1,0,0,0,-1,0,-1,0,-1,0,-1,0,-1,0,-1,0,-1,0,0
64,1,0,1,1,1,0,1,0,1,0,1,1,1,1,1,1,1,0,1,1,1,0
65,1,0,1,0,1,1,1,0,1,0,1,0,1,-1,1,0,1,0,1,0,1,1
66,0,0,0,1,0,0,0,1,0,-1,0,-1,0,0,0,0,0,0,0,0,0,0
67,0,0,0,-1,0,-1,0,1,0,0,0,0,0,-1,0,0,0,1,0,-1,0,-1
68,1,0,1,0,1,0,1,0,1,-1,1,0,1,1,1,0,1,0,1,0,1,0
69,1,0,1,0,1,1,1,1,1,0,1,-1,1,1,1,1,1,0,1,0,1,1
70,-1,0,-1,0,-1,-1,-1,-1,-1,0,-1,0,-1,1,-1,0,-1,-1,-1,0,-1,-1
71,1,0,1,0,1,0,1,0,1,0,1,0,1,0,1,0,1,0,1,0,1,0
72,-1,0,-1,1,-1,1,-1,1,-1,0,-1,1,-1,0,-1,1,-1,1,-1,1,-1,1
73,1,0,1,0,1,1,1,0,1,-1,1,1,1,-1,1,0,1,1,1,1,1,1
74,-1,0,-1,1,-1,0,-1,1,-1,0,-1,0,-1,0,-1,0,-1,0,-1,0,-1,0
75,-1,0,-1,0,-1,1,-1,0,-1,1,-1,1,-1,1,-1,1,-1,1,-1,1,-1,1
76,1,0,1,0,1,0,1,0,1,-1,1,-1,1,-1,1,-1,1,-1,1,-1,1,0
77,1,0,1,1,1,0,1,0,1,-1,1,0,1,-1,1,0,1,0,1,0,1,0
78,-1,0,-1,0,-1,-1,-1,-1,-1,0,-1,0,-1,1,-1,-1,-1,-1,-1,-1,-1,-1
79,0,0,0,1,0,1,0,0,0,0,0,1,0,1,0,1,0,1,0,1,0,1
80,1,0,1,0,1,1,1,-1,1,-1,1,-1,1,-1,1,-1,1,-1,1,0,1,1
81,1,0,1,0,1,0,1,0,1,-1,1,-1,1,0,1,-1,1,-1,1,-1,1,0
82,0,0,0,0,0,0,0,0,0,-1,0,-1,0,0,0,0,0,-1,0,-1,0,0
83,-1,0,-1,0,-1,-1,-1,-1,-1,-1,-1,-1,-1,1,-1,-1,-1,-1,-1,-1,-1,-1
84,-1,0,-1,0,-1,-1,-1,-1,-1,-1,-1,-1,-1,-1,-1,-1,-1,-1,-1,-1,-1,-1
85,-1,0,-1,0,-1,-1,-1,0,-1,0,-1,0,-1,-1,-1,-1,-1,-1,-1,-1,-1,-1
86,-1,0,-1,0,-1,-1,-1,0,-1,-1,-1,-1,-1,0,-1,-1,-1,-1,-1,-1,-1,-1
87,-1,0,-1,-1,-1,-1,-1,0,-1,0,-1,0,-1,-1,-1,-1,-1,-1,-1,-1,-1,-1
88,-1,0,-1,0,-1,0,-1,1,-1,1,-1,0,-1,1,-1,1,-1,0,-1,0,-1,0
89,-1,0,-1,1,-1,0,-1,0,-1,1,-1,-1,-1,0,-1,-1,-1,-1,-1,-1,-1,0
90,-1,0,-1,0,-1,-1,-1,0,-1,1,-1,0,-1,0,-1,0,-1,-1,-1,-1,-1,-1
91,-1,-1,-1,0,-1,-1,-1,0,-1,1,-1,0,-1,-1,-1,-1,-1,-1,-1,0,-1,-1
92,-1,0,-1,-1,-1,1,-1,-1,-1,-1,-1,0,-1,-1,-1,-1,-1,0,-1,0,-1,1
93,-1,-1,-1,-1,-1,0,-1,-1,-1,1,-1,0,-1,-1,-1,-1,-1,-1,-1,0,-1,0
94,-1,0,-1,0,-1,-1,-1,1,-1,-1,-1,-1,-1,0,-1,-1,-1,-1,-1,-1,-1,-1
95,-1,0,-1,0,-1,0,-1,1,-1,1,-1,1,-1,-1,-1,1,-1,1,-1,1,-1,0
96,-1,0,-1,0,-1,1,-1,0,-1,1,-1,1,-1,-1,-1,1,-1,1,-1,1,-1,1
97,-1,0,-1,0,-1,0,-1,-1,-1,-1,-1,1,-1,-1,-1,-1,-1,0,-1,0,-1,0
98,-1,0,-1,0,-1,-1,-1,1,-1,-1,-1,0,-1,-1,-1,0,-1,0,-1,0,-1,-1
99,-1,0,-1,0,-1,-1,-1,1,-1,-1,-1,0,-1,-1,-1,-1,-1,-1,-1,-1,-1,-1
100,-1,0,-1,0,-1,0,-1,-1,-1,1,-1,0,-1,0,-1,-1,-1,-1,-1,0,-1,0
101,-1,0,-1,-1,-1,-1,-1,-1,-1,0,-1,1,-1,0,-1,0,-1,0,-1,0,-1,-1
102,-1,0,-1,-1,-1,-1,-1,-1,-1,-1,-1,0,-1,-1,-1,-1,-1,-1,-1,0,-1,-1
103,-1,0,-1,-1,-1,-1,-1,1,-1,0,-1,0,-1,0,-1,-1,-1,-1,-1,-1,-1,-1
104,-1,0,-1,-1,-1,-1,-1,1,-1,0,-1,1,-1,0,-1,0,-1,1,-1,0,-1,-1
105,1,0,1,1,1,0,1,0,1,0,1,0,1,0,1,0,1,0,1,0,1,0
106,0,0,0,0,0,-1,0,1,0,0,0,0,0,0,0,0,0,0,0,-1,0,-1
107,-1,0,-1,-1,-1,-1,-1,-1,-1,1,-1,0,-1,0,-1,-1,-1,-1,-1,-1,-1,-1
108,-1,0,-1,0,-1,-1,-1,-1,-1,-1,-1,0,-1,-1,-1,-1,-1,-1,-1,-1,-1,-1
109,-1,0,-1,0,-1,-1,-1,0,-1,0,-1,0,-1,0,-1,0,-1,-1,-1,-1,-1,-1
110,0,0,0,0,0,-1,0,-1,0,0,0,0,0,0,0,-1,0,-1,0,-1,0,-1
111,-1,0,-1,0,-1,0,-1,0,-1,-1,-1,-1,-1,-1,-1,-1,-1,-1,-1,-1,-1,0
112,0,0,0,0,0,0,0,1,0,0,0,0,0,0,0,0,0,0,0,0,0,0
113,1,0,1,1,1,0,1,1,1,0,1,1,1,0,1,1,1,1,1,0,1,0
114,0,0,0,0,0,-1,0,-1,0,-1,0,0,0,-1,0,-1,0,-1,0,-1,0,-1
115,-1,0,-1,0,-1,1,-1,1,-1,1,-1,0,-1,-1,-1,1,-1,1,-1,1,-1,1
116,0,0,0,0,0,-1,0,1,0,-1,0,0,0,1,0,1,0,0,0,0,0,-1
117,1,0,1,0,1,0,1,0,1,1,1,1,1,-1,1,0,1,0,1,0,1,0
118,-1,0,-1,0,-1,-1,-1,0,-1,1,-1,0,-1,-1,-1,-1,-1,-1,-1,-1,-1,-1
119,0,0,0,0,0,1,0,1,0,1,0,1,0,1,0,1,0,1,0,1,0,1
120,-1,0,-1,0,-1,0,-1,0,-1,1,-1,1,-1,0,-1,1,-1,1,-1,1,-1,0
121,1,0,1,1,1,0,1,1,1,1,1,0,1,0,1,0,1,1,1,0,1,0
122,1,0,1,0,1,1,1,-1,1,1,1,1,1,1,1,1,1,1,1,1,1,1
123,1,0,1,0,1,-1,1,0,1,-1,1,0,1,-1,1,-1,1,0,1,0,1,-1
124,1,0,1,0,1,0,1,1,1,1,1,1,1,1,1,1,1,1,1,0,1,0
125,-1,0,-1,-1,-1,-1,-1,0,-1,0,-1,-1,-1,-1,-1,-1,-1,-1,-1,-1,-1,-1
126,-1,0,-1,0,-1,0,-1,1,-1,0,-1,1,-1,1,-1,1,-1,1,-1,1,-1,0
127,0,0,0,0,0,1,0,0,0,1,0,0,0,0,0,0,0,0,0,0,0,1
128,-1,0,-1,0,-1,-1,-1,0,-1,-1,-1,-1,-1,-1,-1,-1,-1,-1,-1,-1,-1,-1
129,1,0,1,0,1,1,1,1,1,1,1,0,1,1,1,1,1,1,1,0,1,1
130,-1,0,-1,0,-1,-1,-1,-1,-1,-1,-1,-1,-1,1,-1,-1,-1,-1,-1,-1,-1,-1
131,-1,0,-1,1,-1,-1,-1,0,-1,-1,-1,0,-1,0,-1,0,-1,-1,-1,-1,-1,-1
132,-1,0,-1,0,-1,1,-1,0,-1,-1,-1,-1,-1,0,-1,0,-1,0,-1,0,-1,1
133,-1,0,-1,-1,-1,-1,-1,0,-1,1,-1,-1,-1,0,-1,-1,-1,-1,-1,-1,-1,-1
134,-1,0,-1,0,-1,1,-1,-1,-1,-1,-1,-1,-1,-1,-1,-1,-1,0,-1,0,-1,1
135,0,-1,0,1,0,0,0,1,0,-1,0,0,0,0,0,0,0,0,0,0,0,0
136,1,0,1,0,1,1,1,1,1,1,1,1,1,1,1,1,1,1,1,1,1,1
137,-1,0,-1,0,-1,0,-1,-1,-1,-1,-1,0,-1,-1,-1,-1,-1,-1,-1,0,-1,0
138,-1,-1,-1,-1,-1,-1,-1,1,-1,0,-1,-1,-1,0,-1,0,-1,0,-1,-1,-1,-1
139,1,0,1,0,1,-1,1,-1,1,-1,1,-1,1,1,1,-1,1,-1,1,-1,1,-1
140,-1,0,-1,0,-1,0,-1,1,-1,-1,-1,1,-1,0,-1,1,-1,1,-1,0,-1,0
141,1,0,1,1,1,1,1,0,1,1,1,1,1,0,1,1,1,1,1,1,1,1
142,1,0,1,0,1,1,1,0,1,0,1,0,1,1,1,1,1,1,1,1,1,1
143,-1,0,-1,0,-1,0,-1,1,-1,0,-1,0,-1,0,-1,1,-1,1,-1,0,-1,0
144,1,0,1,1,1,1,1,0,1,-1,1,1,1,0,1,1,1,1,1,1,1,1
145,-1,0,-1,0,-1,0,-1,1,-1,0,-1,0,-1,1,-1,1,-1,1,-1,0,-1,0
146,0,0,0,-1,0,-1,0,1,0,-1,0,0,0,-1,0,-1,0,0,0,-1,0,-1
147,1,0,1,0,1,1,1,1,1,0,1,0,1,0,1,1,1,1,1,1,1,1
148,1,0,1,0,1,0,1,-1,1,0,1,1,1,-1,1,0,1,0,1,1,1,0
149,0,0,0,0,0,-1,0,0,0,1,0,-1,0,0,0,-1,0,-1,0,-1,0,-1
150,1,-1,1,0,1,1,1,0,1,0,1,0,1,0,1,0,1,0,1,1,1,1
151,0,0,0,0,0,0,0,1,0,-1,0,0,0,0,0,0,0,0,0,0,0,0
152,0,0,0,0,0,-1,0,1,0,0,0,-1,0,0,0,-1,0,-1,0,-1,0,-1
153,1,0,1,0,1,1,1,0,1,1,1,0,1,0,1,0,1,0,1,1,1,1
154,1,0,1,0,1,0,1,-1,1,0,1,1,1,0,1,0,1,0,1,1,1,0
155,0,0,0,0,0,0,0,1,0,-1,0,-1,0,1,0,0,0,0,0,-1,0,0
156,1,0,1,0,1,1,1,1,1,1,1,0,1,0,1,1,1,1,1,1,1,1
157,1,0,1,0,1,0,1,1,1,1,1,-1,1,-1,1,0,1,1,1,0,1,0
158,-1,0,-1,0,-1,0,-1,0,-1,0,-1,1,-1,0,-1,0,-1,0,-1,1,-1,0
159,-1,0,-1,0,-1,1,-1,1,-1,1,-1,0,-1,1,-1,1,-1,1,-1,0,-1,1
160,1,0,1,0,1,0,1,0,1,0,1,-1,1,-1,1,-1,1,-1,1,0,1,0
161,1,0,1,0,1,0,1,-1,1,-1,1,0,1,-1,1,-1,1,-1,1,0,1,0
162,0,0,0,-1,0,-1,0,1,0,0,0,-1,0,-1,0,-1,0,-1,0,-1,0,-1
163,0,0,0,0,0,1,0,0,0,0,0,0,0,0,0,0,0,0,0,0,0,1
164,1,0,1,1,1,1,1,1,1,1,1,1,1,1,1,1,1,1,1,1,1,1
165,1,0,1,0,1,0,1,0,1,0,1,0,1,-1,1,0,1,0,1,0,1,0
166,1,0,1,0,1,1,1,0,1,1,1,1,1,0,1,1,1,1,1,1,1,1
167,1,0,1,1,1,0,1,0,1,0,1,0,1,1,1,0,1,0,1,0,1,0
168,1,0,1,1,1,1,1,0,1,-1,1,1,1,-1,1,0,1,1,1,1,1,1
169,1,0,1,0,1,0,1,1,1,1,1,0,1,1,1,1,1,1,1,0,1,0
170,-1,0,-1,0,-1,-1,-1,-1,-1,0,-1,-1,-1,-1,-1,-1,-1,-1,-1,-1,-1,-1
171,1,-1,1,1,1,0,1,0,1,0,1,0,1,0,1,0,1,0,1,0,1,0
172,1,0,1,0,1,0,1,-1,1,-1,1,0,1,0,1,0,1,0,1,0,1,0
173,-1,-1,-1,0,-1,0,-1,0,-1,1,-1,1,-1,1,-1,1,-1,0,-1,0,-1,0
174,1,-1,1,0,1,-1,1,1,1,0,1,-1,1,-1,1,0,1,0,1,-1,1,-1
175,1,0,1,1,1,0,1,0,1,0,1,-1,1,-1,1,-1,1,0,1,0,1,0
176,1,0,1,1,1,1,1,1,1,1,1,1,1,1,1,1,1,1,1,1,1,1
177,1,0,1,1,1,0,1,0,1,0,1,1,1,0,1,1,1,1,1,1,1,0
178,1,0,1,0,1,1,1,1,1,0,1,1,1,1,1,1,1,1,1,1,1,1
179,1,0,1,-1,1,0,1,0,1,0,1,0,1,-1,1,0,1,0,1,0,1,0
180,1,0,1,0,1,1,1,1,1,0,1,1,1,1,1,1,1,1,1,1,1,1
181,1,0,1,-1,1,1,1,1,1,1,1,0,1,1,1,1,1,1,1,1,1,1
182,1,0,1,0,1,1,1,0,1,1,1,-1,1,-1,1,0,1,0,1,0,1,1
183,1,-1,1,1,1,0,1,0,1,0,1,0,1,0,1,0,1,0,1,0,1,0
184,1,-1,1,1,1,0,1,0,1,0,1,0,1,0,1,0,1,0,1,0,1,0
185,-1,0,-1,0,-1,-1,-1,0,-1,0,-1,0,-1,0,-1,0,-1,0,-1,0,-1,-1
186,1,0,1,1,1,1,1,1,1,1,1,0,1,1,1,1,1,1,1,1,1,1
187,1,0,1,1,1,1,1,1,1,1,1,0,1,0,1,1,1,1,1,1,1,1
188,1,0,1,0,1,0,1,1,1,0,1,-1,1,1,1,1,1,0,1,-1,1,0
189,1,0,1,1,1,1,1,1,1,1,1,1,1,1,1,1,1,1,1,1,1,1
190,1,0,1,0,1,0,1,0,1,1,1,0,1,1,1,1,1,0,1,0,1,0
191,1,0,1,0,1,1,1,-1,1,1,1,-1,1,0,1,0,1,0,1,0,1,1
192,1,0,1,-1,1,1,1,0,1,1,1,0,1,1,1,1,1,0,1,0,1,1
193,1,0,1,0,1,1,1,0,1,0,1,0,1,0,1,0,1,0,1,0,1,1
194,1,0,1,0,1,1,1,0,1,1,1,0,1,1,1,1,1,0,1,1,1,1
195,-1,0,-1,0,-1,0,-1,1,-1,1,-1,0,-1,1,-1,1,-1,0,-1,0,-1,0
196,1,0,1,0,1,0,1,1,1,0,1,-1,1,0,1,0,1,0,1,-1,1,0
197,1,0,1,1,1,1,1,0,1,0,1,1,1,1,1,1,1,1,1,1,1,1
198,-1,0,-1,0,-1,0,-1,0,-1,0,-1,0,-1,-1,-1,-1,-1,0,-1,0,-1,0
199,1,0,1,0,1,1,1,1,1,1,1,0,1,0,1,1,1,1,1,1,1,1
200,1,0,1,-1,1,0,1,0,1,0,1,-1,1,0,1,0,1,-1,1,-1,1,0
201,0,0,0,1,0,0,0,1,0,1,0,1,0,1,0,1,0,1,0,0,0,0
202,-1,0,-1,1,-1,-1,-1,0,-1,0,-1,-1,-1,0,-1,-1,-1,-1,-1,-1,-1,-1
203,-1,0,-1,0,-1,0,-1,1,-1,0,-1,-1,-1,0,-1,0,-1,0,-1,0,-1,0
204,-1,0,-1,1,-1,0,-1,0,-1,0,-1,0,-1,-1,-1,-1,-1,0,-1,0,-1,0
205,-1,0,-1,0,-1,-1,-1,1,-1,0,-1,0,-1,-1,-1,0,-1,0,-1,-1,-1,-1
206,-1,0,-1,0,-1,1,-1,0,-1,0,-1,-1,-1,-1,-1,-1,-1,0,-1,0,-1,1
207,-1,0,-1,0,-1,0,-1,0,-1,-1,-1,-1,-1,-1,-1,-1,-1,-1,-1,-1,-1,0
208,-1,0,-1,0,-1,0,-1,0,-1,-1,-1,-1,-1,-1,-1,-1,-1,-1,-1,-1,-1,0
209,-1,0,-1,-1,-1,-1,-1,1,-1,1,-1,-1,-1,-1,-1,-1,-1,0,-1,-1,-1,-1
210,-1,0,-1,0,-1,1,-1,0,-1,0,-1,1,-1,0,-1,1,-1,1,-1,1,-1,1
211,-1,0,-1,0,-1,0,-1,1,-1,1,-1,-1,-1,-1,-1,0,-1,0,-1,0,-1,0
212,1,0,1,0,1,0,1,1,1,0,1,0,1,1,1,1,1,0,1,0,1,0
213,1,0,1,0,1,0,1,0,1,0,1,-1,1,1,1,0,1,-1,1,-1,1,0
214,1,0,1,0,1,0,1,-1,1,1,1,1,1,0,1,0,1,0,1,1,1,0
215,-1,0,-1,1,-1,0,-1,1,-1,0,-1,-1,-1,0,-1,0,-1,0,-1,0,-1,0
216,1,0,1,0,1,0,1,0,1,-1,1,0,1,-1,1,-1,1,0,1,0,1,0
217,-1,0,-1,1,-1,1,-1,0,-1,-1,-1,0,-1,-1,-1,0,-1,1,-1,1,-1,1
218,-1,0,-1,0,-1,-1,-1,0,-1,-1,-1,-1,-1,-1,-1,-1,-1,-1,-1,-1,-1,-1
219,0,0,0,1,0,1,0,1,0,1,0,1,0,-1,0,1,0,1,0,1,0,1
220,1,0,1,0,1,0,1,1,1,0,1,0,1,-1,1,0,1,0,1,0,1,0
221,-1,0,-1,-1,-1,0,-1,-1,-1,1,-1,0,-1,-1,-1,-1,-1,-1,-1,0,-1,0
222,-1,0,-1,0,-1,1,-1,0,-1,1,-1,1,-1,1,-1,1,-1,1,-1,1,-1,1
223,1,-1,1,1,1,1,1,0,1,1,1,0,1,0,1,0,1,0,1,1,1,1
224,-1,0,-1,0,-1,-1,-1,1,-1,-1,-1,-1,-1,0,-1,0,-1,0,-1,-1,-1,-1
225,-1,0,-1,0,-1,1,-1,0,-1,0,-1,0,-1,1,-1,1,-1,0,-1,1,-1,1
226,1,0,1,0,1,0,1,1,1,1,1,0,1,1,1,1,1,0,1,0,1,0
227,1,0,1,1,1,0,1,1,1,0,1,0,1,-1,1,0,1,1,1,0,1,0
228,1,0,1,-1,1,0,1,1,1,1,1,1,1,1,1,1,1,1,1,0,1,0
229,1,0,1,-1,1,-1,1,0,1,1,1,-1,1,-1,1,-1,1,-1,1,-1,1,-1
230,0,0,0,-1,0,-1,0,-1,0,0,0,-1,0,-1,0,-1,0,-1,0,-1,0,-1
231,-1,0,-1,0,-1,0,-1,-1,-1,0,-1,-1,-1,-1,-1,-1,-1,-1,-1,-1,-1,0
232,1,0,1,0,1,0,1,1,1,1,1,1,1,-1,1,1,1,1,1,1,1,0
233,-1,0,-1,0,-1,0,-1,1,-1,1,-1,0,-1,1,-1,1,-1,0,-1,0,-1,0
234,1,0,1,0,1,-1,1,1,1,1,1,1,1,1,1,1,1,1,1,0,1,-1
235,1,0,1,1,1,1,1,0,1,0,1,1,1,0,1,0,1,1,1,1,1,1
236,-1,0,-1,0,-1,0,-1,0,-1,0,-1,0,-1,0,-1,0,-1,0,-1,0,-1,0
237,-1,0,-1,0,-1,-1,-1,0,-1,0,-1,0,-1,0,-1,0,-1,0,-1,0,-1,-1
238,-1,0,-1,0,-1,-1,-1,-1,-1,0,-1,0,-1,-1,-1,-1,-1,-1,-1,-1,-1,-1
239,-1,0,-1,0,-1,-1,-1,1,-1,0,-1,0,-1,0,-1,0,-1,0,-1,-1,-1,-1
240,1,0,1,1,1,1,1,1,1,1,1,1,1,1,1,1,1,1,1,1,1,1
241,1,0,1,1,1,1,1,0,1,0,1,-1,1,0,1,0,1,0,1,0,1,1
242,1,0,1,0,1,1,1,0,1,1,1,1,1,1,1,1,1,1,1,1,1,1
243,-1,0,-1,0,-1,0,-1,-1,-1,1,-1,0,-1,0,-1,-1,-1,-1,-1,0,-1,0
244,-1,0,-1,-1,-1,-1,-1,0,-1,1,-1,0,-1,0,-1,-1,-1,-1,-1,-1,-1,-1
245,1,0,1,0,1,0,1,1,1,0,1,1,1,1,1,1,1,1,1,1,1,0
246,-1,0,-1,0,-1,1,-1,1,-1,0,-1,0,-1,1,-1,1,-1,1,-1,0,-1,1
247,1,0,1,0,1,0,1,1,1,-1,1,-1,1,1,1,0,1,-1,1,-1,1,0
248,-1,0,-1,0,-1,0,-1,0,-1,1,-1,1,-1,1,-1,1,-1,0,-1,1,-1,0
249,-1,0,-1,0,-1,0,-1,0,-1,0,-1,-1,-1,0,-1,0,-1,0,-1,0,-1,0
250,-1,0,-1,0,-1,0,-1,1,-1,1,-1,1,-1,1,-1,1,-1,1,-1,1,-1,0
251,1,0,1,1,1,1,1,1,1,0,1,1,1,1,1,1,1,1,1,1,1,1
252,-1,0,-1,0,-1,0,-1,0,-1,0,-1,0,-1,1,-1,0,-1,0,-1,0,-1,0
253,1,0,1,1,1,1,1,1,1,0,1,0,1,1,1,1,1,1,1,1,1,1
254,-1,0,-1,-1,-1,0,-1,-1,-1,0,-1,-1,-1,1,-1,-1,-1,-1,-1,-1,-1,0
255,-1,0,-1,-1,-1,-1,-1,0,-1,1,-1,0,-1,0,-1,0,-1,0,-1,0,-1,-1
256,-1,0,-1,0,-1,1,-1,0,-1,0,-1,-1,-1,0,-1,0,-1,0,-1,0,-1,1
257,-1,0,-1,0,-1,0,-1,0,-1,0,-1,0,-1,0,-1,0,-1,0,-1,0,-1,0
258,1,0,1,0,1,0,1,1,1,-1,1,1,1,1,1,1,1,1,1,1,1,0
259,-1,0,-1,1,-1,0,-1,-1,-1,0,-1,0,-1,-1,-1,-1,-1,-1,-1,0,-1,0
260,-1,0,-1,1,-1,0,-1,1,-1,1,-1,0,-1,0,-1,0,-1,1,-1,0,-1,0
261,-1,0,-1,-1,-1,0,-1,0,-1,0,-1,0,-1,0,-1,0,-1,0,-1,0,-1,0
262,-1,0,-1,-1,-1,-1,-1,-1,-1,-1,-1,0,-1,-1,-1,-1,-1,-1,-1,-1,-1,-1
263,-1,0,-1,0,-1,-1,-1,-1,-1,0,-1,0,-1,0,-1,-1,-1,-1,-1,0,-1,-1
264,1,0,1,1,1,1,1,0,1,0,1,0,1,0,1,0,1,0,1,0,1,1
265,-1,0,-1,0,-1,-1,-1,-1,-1,0,-1,1,-1,1,-1,0,-1,-1,-1,0,-1,-1
266,-1,0,-1,0,-1,-1,-1,0,-1,0,-1,-1,-1,-1,-1,-1,-1,-1,-1,-1,-1,-1
267,-1,0,-1,0,-1,0,-1,0,-1,0,-1,0,-1,0,-1,0,-1,0,-1,0,-1,0
268,-1,0,-1,-1,-1,-1,-1,0,-1,0,-1,-1,-1,0,-1,-1,-1,-1,-1,-1,-1,-1
269,1,0,1,0,1,0,1,0,1,1,1,1,1,0,1,0,1,0,1,0,1,0
270,1,0,1,0,1,1,1,1,1,0,1,0,1,0,1,1,1,1,1,1,1,1
271,-1,0,-1,-1,-1,-1,-1,1,-1,0,-1,0,-1,-1,-1,-1,-1,0,-1,-1,-1,-1
272,1,0,1,0,1,1,1,1,1,-1,1,0,1,0,1,1,1,1,1,0,1,1
273,-1,0,-1,0,-1,0,-1,1,-1,-1,-1,1,-1,0,-1,1,-1,1,-1,1,-1,0
274,1,0,1,0,1,1,1,1,1,1,1,1,1,0,1,1,1,1,1,1,1,1
275,1,0,1,0,1,0,1,0,1,1,1,1,1,0,1,0,1,1,1,1,1,0
276,-1,0,-1,0,-1,1,-1,0,-1,1,-1,1,-1,1,-1,1,-1,1,-1,1,-1,1
277,1,0,1,1,1,1,1,1,1,0,1,1,1,1,1,1,1,1,1,1,1,1
278,1,0,1,1,1,0,1,1,1,0,1,1,1,0,1,1,1,1,1,0,1,0
279,-1,-1,-1,0,-1,-1,-1,0,-1,1,-1,-1,-1,-1,-1,-1,-1,-1,-1,-1,-1,-1
280,-1,0,-1,0,-1,0,-1,0,-1,0,-1,0,-1,0,-1,0,-1,0,-1,0,-1,0
281,1,0,1,0,1,1,1,1,1,0,1,1,1,1,1,1,1,1,1,1,1,1
282,-1,0,-1,0,-1,1,-1,-1,-1,0,-1,0,-1,1,-1,0,-1,0,-1,0,-1,1
283,-1,0,-1,0,-1,0,-1,1,-1,0,-1,0,-1,1,-1,1,-1,0,-1,0,-1,0
284,-1,0,-1,0,-1,0,-1,1,-1,0,-1,0,-1,0,-1,1,-1,1,-1,0,-1,0
285,-1,0,-1,0,-1,0,-1,1,-1,1,-1,1,-1,1,-1,1,-1,1,-1,1,-1,0
286,-1,0,-1,0,-1,0,-1,0,-1,0,-1,0,-1,0,-1,0,-1,0,-1,0,-1,0
287,1,-1,1,1,1,0,1,1,1,0,1,1,1,1,1,1,1,1,1,0,1,0
288,1,0,1,-1,1,0,1,1,1,0,1,0,1,0,1,1,1,1,1,0,1,0
289,-1,0,-1,0,-1,0,-1,1,-1,0,-1,0,-1,0,-1,0,-1,1,-1,0,-1,0
290,-1,0,-1,0,-1,0,-1,0,-1,1,-1,1,-1,0,-1,0,-1,0,-1,1,-1,0
291,-1,0,-1,0,-1,1,-1,-1,-1,0,-1,1,-1,0,-1,0,-1,0,-1,1,-1,1
292,-1,0,-1,0,-1,-1,-1,1,-1,1,-1,0,-1,0,-1,0,-1,0,-1,0,-1,-1
293,1,0,1,0,1,0,1,1,1,0,1,1,1,1,1,1,1,1,1,1,1,0
294,-1,0,-1,1,-1,1,-1,-1,-1,1,-1,-1,-1,-1,-1,-1,-1,-1,-1,0,-1,1
295,1,0,1,0,1,0,1,0,1,0,1,0,1,0,1,0,1,0,1,0,1,0
296,-1,0,-1,0,-1,0,-1,1,-1,-1,-1,0,-1,-1,-1,0,-1,0,-1,0,-1,0
297,1,0,1,0,1,0,1,1,1,-1,1,1,1,-1,1,0,1,1,1,1,1,0
298,-1,0,-1,0,-1,1,-1,1,-1,1,-1,1,-1,1,-1,1,-1,1,-1,1,-1,1
299,-1,0,-1,0,-1,0,-1,0,-1,1,-1,-1,-1,1,-1,0,-1,0,-1,0,-1,0
300,0,0,0,-1,0,-1,0,1,0,1,0,0,0,1,0,0,0,0,0,-1,0,-1
301,1,0,1,0,1,1,1,1,1,1,1,0,1,0,1,1,1,1,1,1,1,1
302,-1,0,-1,0,-1,-1,-1,-1,-1,1,-1,-1,-1,0,-1,-1,-1,-1,-1,-1,-1,-1
303,1,0,1,0,1,-1,1,1,1,-1,1,0,1,-1,1,-1,1,0,1,-1,1,-1
304,1,0,1,1,1,0,1,1,1,0,1,0,1,1,1,0,1,0,1,0,1,0
305,1,0,1,1,1,1,1,1,1,0,1,1,1,0,1,1,1,1,1,1,1,1
306,1,0,1,1,1,1,1,1,1,0,1,1,1,0,1,1,1,1,1,1,1,1
307,0,0,0,-1,0,-1,0,-1,0,0,0,-1,0,-1,0,-1,0,-1,0,-1,0,-1
308,1,0,1,0,1,-1,1,-1,1,-1,1,-1,1,-1,1,-1,1,-1,1,-1,1,-1
309,-1,0,-1,-1,-1,0,-1,0,-1,-1,-1,0,-1,-1,-1,0,-1,0,-1,0,-1,0
310,-1,0,-1,0,-1,-1,-1,1,-1,0,-1,0,-1,0,-1,0,-1,0,-1,-1,-1,-1
311,1,0,1,0,1,1,1,0,1,-1,1,-1,1,-1,1,0,1,0,1,0,1,1
312,1,0,1,0,1,1,1,1,1,0,1,-1,1,1,1,1,1,0,1,0,1,1
313,-1,0,-1,0,-1,1,-1,-1,-1,-1,-1,-1,-1,-1,-1,-1,-1,-1,-1,-1,-1,1
314,1,0,1,0,1,1,1,1,1,0,1,-1,1,1,1,1,1,0,1,0,1,1
315,-1,0,-1,-1,-1,0,-1,0,-1,1,-1,0,-1,0,-1,0,-1,0,-1,0,-1,0
316,-1,0,-1,0,-1,1,-1,-1,-1,1,-1,1,-1,0,-1,1,-1,1,-1,1,-1,1
317,-1,0,-1,0,-1,-1,-1,-1,-1,0,-1,0,-1,-1,-1,-1,-1,-1,-1,-1,-1,-1
318,1,0,1,-1,1,-1,1,1,1,0,1,0,1,-1,1,0,1,0,1,-1,1,-1
319,1,0,1,1,1,1,1,1,1,1,1,1,1,1,1,1,1,1,1,1,1,1
320,-1,0,-1,1,-1,1,-1,0,-1,-1,-1,0,-1,0,-1,0,-1,1,-1,1,-1,1
321,-1,0,-1,-1,-1,-1,-1,1,-1,0,-1,-1,-1,-1,-1,-1,-1,0,-1,-1,-1,-1
322,1,0,1,0,1,1,1,1,1,1,1,1,1,1,1,1,1,1,1,1,1,1
323,-1,0,-1,0,-1,0,-1,-1,-1,1,-1,0,-1,0,-1,-1,-1,-1,-1,-1,-1,0
324,0,0,0,-1,0,-1,0,0,0,0,0,-1,0,-1,0,-1,0,-1,0,-1,0,-1
325,-1,0,-1,0,-1,-1,-1,1,-1,0,-1,0,-1,0,-1,-1,-1,-1,-1,-1,-1,-1
326,-1,0,-1,0,-1,1,-1,-1,-1,-1,-1,-1,-1,-1,-1,-1,-1,-1,-1,-1,-1,1
327,-1,0,-1,0,-1,0,-1,1,-1,1,-1,-1,-1,0,-1,0,-1,1,-1,0,-1,0
328,1,0,1,1,1,0,1,1,1,-1,1,0,1,0,1,0,1,1,1,0,1,0
329,-1,0,-1,0,-1,0,-1,-1,-1,-1,-1,-1,-1,-1,-1,-1,-1,-1,-1,0,-1,0
330,-1,0,-1,0,-1,-1,-1,0,-1,-1,-1,0,-1,-1,-1,-1,-1,-1,-1,-1,-1,-1
331,-1,0,-1,-1,-1,-1,-1,0,-1,0,-1,1,-1,0,-1,0,-1,0,-1,0,-1,-1
332,1,0,1,1,1,0,1,1,1,-1,1,-1,1,0,1,0,1,0,1,-1,1,0
333,1,0,1,0,1,0,1,-1,1,-1,1,0,1,-1,1,-1,1,-1,1,0,1,0
334,0,0,0,-1,0,0,0,-1,0,0,0,-1,0,-1,0,-1,0,-1,0,0,0,0
335,1,-1,1,1,1,0,1,0,1,0,1,0,1,0,1,0,1,0,1,0,1,0
336,-1,0,-1,0,-1,0,-1,0,-1,1,-1,0,-1,0,-1,0,-1,0,-1,0,-1,0
337,1,0,1,0,1,0,1,1,1,0,1,1,1,1,1,1,1,1,1,1,1,0
338,0,0,0,0,0,0,0,0,0,0,0,0,0,-1,0,0,0,0,0,0,0,0
339,1,0,1,0,1,0,1,0,1,1,1,-1,1,0,1,-1,1,-1,1,-1,1,0
340,-1,0,-1,0,-1,-1,-1,1,-1,-1,-1,-1,-1,0,-1,-1,-1,0,-1,-1,-1,-1
341,1,0,1,0,1,0,1,1,1,1,1,0,1,1,1,0,1,0,1,0,1,0
342,-1,0,-1,0,-1,1,-1,0,-1,1,-1,1,-1,-1,-1,1,-1,1,-1,1,-1,1
343,1,0,1,-1,1,-1,1,1,1,1,1,-1,1,0,1,0,1,-1,1,-1,1,-1
344,-1,0,-1,-1,-1,-1,-1,-1,-1,-1,-1,-1,-1,1,-1,-1,-1,-1,-1,-1,-1,-1
345,-1,0,-1,0,-1,-1,-1,1,-1,0,-1,-1,-1,0,-1,-1,-1,-1,-1,-1,-1,-1
346,1,0,1,1,1,1,1,0,1,0,1,0,1,-1,1,0,1,0,1,1,1,1
347,1,0,1,0,1,1,1,-1,1,1,1,1,1,1,1,1,1,0,1,1,1,1
348,-1,0,-1,0,-1,1,-1,1,-1,1,-1,0,-1,1,-1,1,-1,1,-1,0,-1,1
349,1,0,1,0,1,0,1,1,1,1,1,1,1,1,1,1,1,1,1,0,1,0
350,-1,0,-1,0,-1,-1,-1,1,-1,0,-1,-1,-1,-1,-1,-1,-1,-1,-1,-1,-1,-1
351,-1,0,-1,0,-1,-1,-1,0,-1,-1,-1,0,-1,-1,-1,-1,-1,-1,-1,-1,-1,-1
352,1,0,1,0,1,0,1,0,1,1,1,0,1,-1,1,-1,1,0,1,0,1,0
353,-1,0,-1,0,-1,0,-1,-1,-1,0,-1,0,-1,1,-1,0,-1,-1,-1,0,-1,0
354,-1,-1,-1,-1,-1,1,-1,0,-1,1,-1,0,-1,1,-1,1,-1,0,-1,1,-1,1
355,1,0,1,0,1,0,1,0,1,1,1,-1,1,1,1,0,1,-1,1,-1,1,0
356,1,0,1,0,1,0,1,0,1,1,1,1,1,0,1,0,1,0,1,1,1,0
357,1,0,1,0,1,0,1,0,1,1,1,1,1,1,1,1,1,0,1,1,1,0
358,-1,0,-1,1,-1,0,-1,0,-1,1,-1,0,-1,0,-1,-1,-1,0,-1,0,-1,0
359,1,0,1,0,1,0,1,1,1,-1,1,-1,1,0,1,0,1,-1,1,-1,1,0
360,1,0,1,1,1,0,1,1,1,0,1,0,1,-1,1,0,1,1,1,0,1,0
361,1,0,1,0,1,-1,1,1,1,-1,1,-1,1,0,1,0,1,-1,1,-1,1,-1
362,-1,0,-1,1,-1,1,-1,0,-1,1,-1,-1,-1,0,-1,0,-1,0,-1,0,-1,1
363,-1,0,-1,-1,-1,-1,-1,1,-1,-1,-1,-1,-1,-1,-1,-1,-1,-1,-1,-1,-1,-1
364,-1,0,-1,0,-1,1,-1,-1,-1,0,-1,0,-1,-1,-1,-1,-1,0,-1,0,-1,1
365,-1,0,-1,0,-1,-1,-1,-1,-1,-1,-1,1,-1,-1,-1,-1,-1,-1,-1,-1,-1,-1
366,1,0,1,0,1,-1,1,-1,1,0,1,0,1,-1,1,-1,1,-1,1,0,1,-1
367,-1,0,-1,1,-1,0,-1,1,-1,-1,-1,1,-1,1,-1,1,-1,1,-1,1,-1,0
368,-1,0,-1,0,-1,-1,-1,-1,-1,0,-1,-1,-1,-1,-1,-1,-1,-1,-1,-1,-1,-1
369,1,0,1,0,1,0,1,1,1,0,1,0,1,0,1,0,1,0,1,0,1,0
370,1,0,1,0,1,0,1,1,1,0,1,0,1,0,1,0,1,0,1,0,1,0
371,1,0,1,0,1,1,1,1,1,1,1,1,1,1,1,1,1,1,1,1,1,1
372,1,0,1,0,1,0,1,1,1,-1,1,0,1,0,1,1,1,1,1,0,1,0
373,1,-1,1,0,1,-1,1,-1,1,-1,1,-1,1,0,1,-1,1,-1,1,-1,1,-1
374,-1,0,-1,-1,-1,-1,-1,1,-1,0,-1,-1,-1,1,-1,0,-1,0,-1,-1,-1,-1
375,-1,0,-1,-1,-1,1,-1,1,-1,0,-1,1,-1,1,-1,1,-1,1,-1,1,-1,1
376,-1,0,-1,-1,-1,-1,-1,-1,-1,-1,-1,-1,-1,-1,-1,-1,-1,-1,-1,-1,-1,-1
377,-1,0,-1,0,-1,0,-1,0,-1,0,-1,0,-1,1,-1,0,-1,0,-1,0,-1,0
378,1,0,1,1,1,1,1,-1,1,-1,1,1,1,-1,1,0,1,1,1,1,1,1
379,-1,0,-1,0,-1,1,-1,1,-1,-1,-1,0,-1,0,-1,1,-1,1,-1,1,-1,1
380,-1,0,-1,0,-1,-1,-1,-1,-1,0,-1,-1,-1,-1,-1,-1,-1,-1,-1,-1,-1,-1
381,-1,0,-1,0,-1,1,-1,0,-1,0,-1,0,-1,0,-1,0,-1,0,-1,1,-1,1
382,0,0,0,1,0,0,0,1,0,0,0,0,0,-1,0,0,0,0,0,0,0,0
383,1,0,1,0,1,0,1,1,1,0,1,0,1,-1,1,0,1,0,1,0,1,0
384,1,0,1,0,1,1,1,0,1,1,1,1,1,1,1,1,1,1,1,1,1,1
385,1,0,1,0,1,-1,1,-1,1,0,1,0,1,0,1,-1,1,-1,1,0,1,-1
386,1,0,1,0,1,1,1,0,1,-1,1,0,1,0,1,0,1,0,1,0,1,1
387,-1,-1,-1,0,-1,0,-1,0,-1,-1,-1,-1,-1,0,-1,0,-1,0,-1,0,-1,0
388,-1,0,-1,-1,-1,0,-1,1,-1,1,-1,0,-1,1,-1,0,-1,0,-1,0,-1,0
389,1,0,1,1,1,0,1,0,1,0,1,0,1,-1,1,-1,1,0,1,0,1,0
390,-1,0,-1,-1,-1,-1,-1,0,-1,-1,-1,-1,-1,-1,-1,-1,-1,-1,-1,-1,-1,-1
391,1,0,1,0,1,1,1,0,1,0,1,1,1,1,1,1,1,0,1,1,1,1
392,1,0,1,1,1,0,1,1,1,-1,1,0,1,-1,1,0,1,0,1,0,1,0
393,-1,0,-1,0,-1,0,-1,0,-1,-1,-1,-1,-1,-1,-1,-1,-1,-1,-1,0,-1,0
394,1,0,1,1,1,-1,1,1,1,0,1,1,1,0,1,1,1,1,1,0,1,-1
395,1,0,1,1,1,0,1,1,1,0,1,1,1,0,1,0,1,1,1,0,1,0
396,-1,0,-1,1,-1,1,-1,1,-1,1,-1,0,-1,0,-1,1,-1,1,-1,0,-1,1
397,1,0,1,1,1,0,1,0,1,1,1,0,1,0,1,0,1,0,1,0,1,0
398,1,0,1,0,1,0,1,1,1,0,1,0,1,1,1,0,1,0,1,0,1,0
399,1,0,1,0,1,1,1,1,1,0,1,1,1,1,1,1,1,1,1,1,1,1
400,0,0,0,0,0,0,0,1,0,-1,0,0,0,0,0,1,0,1,0,0,0,0
401,1,0,1,1,1,0,1,0,1,1,1,1,1,0,1,0,1,0,1,0,1,0
402,1,0,1,-1,1,-1,1,0,1,0,1,0,1,0,1,-1,1,-1,1,-1,1,-1
403,1,0,1,0,1,0,1,1,1,1,1,0,1,0,1,0,1,0,1,0,1,0
404,1,0,1,0,1,0,1,1,1,0,1,0,1,-1,1,0,1,1,1,0,1,0
405,1,0,1,1,1,-1,1,0,1,-1,1,0,1,-1,1,-1,1,-1,1,-1,1,-1
406,1,0,1,0,1,-1,1,1,1,0,1,-1,1,1,1,1,1,0,1,-1,1,-1
407,1,0,1,1,1,-1,1,1,1,0,1,0,1,0,1,1,1,1,1,-1,1,-1
408,1,0,1,-1,1,0,1,0,1,0,1,0,1,0,1,0,1,0,1,0,1,0
409,1,0,1,0,1,1,1,0,1,1,1,1,1,0,1,1,1,1,1,1,1,1
410,-1,0,-1,1,-1,0,-1,0,-1,1,-1,1,-1,1,-1,1,-1,0,-1,1,-1,0
411,1,0,1,0,1,0,1,1,1,-1,1,1,1,1,1,1,1,1,1,0,1,0
412,1,0,1,0,1,1,1,-1,1,-1,1,-1,1,-1,1,-1,1,-1,1,-1,1,1
413,1,-1,1,1,1,0,1,1,1,0,1,0,1,1,1,1,1,1,1,0,1,0
414,1,0,1,1,1,0,1,0,1,-1,1,0,1,-1,1,-1,1,0,1,0,1,0
415,1,0,1,0,1,0,1,1,1,-1,1,-1,1,1,1,1,1,0,1,-1,1,0
416,1,0,1,0,1,0,1,1,1,0,1,0,1,0,1,0,1,0,1,0,1,0
417,1,0,1,0,1,-1,1,0,1,0,1,-1,1,-1,1,-1,1,-1,1,-1,1,-1
418,-1,0,-1,-1,-1,-1,-1,1,-1,0,-1,0,-1,1,-1,0,-1,0,-1,0,-1,-1
419,-1,0,-1,1,-1,1,-1,1,-1,1,-1,0,-1,1,-1,1,-1,1,-1,1,-1,1
420,0,0,0,0,0,0,0,0,0,0,0,1,0,-1,0,1,0,1,0,1,0,0
421,1,0,1,-1,1,-1,1,-1,1,0,1,-1,1,-1,1,-1,1,-1,1,-1,1,-1
422,1,0,1,0,1,0,1,1,1,0,1,1,1,0,1,1,1,1,1,1,1,0
423,1,0,1,1,1,1,1,1,1,0,1,1,1,0,1,1,1,1,1,1,1,1
424,1,0,1,0,1,0,1,1,1,1,1,0,1,1,1,1,1,1,1,0,1,0
425,-1,0,-1,0,-1,-1,-1,-1,-1,0,-1,1,-1,0,-1,0,-1,-1,-1,0,-1,-1
426,-1,0,-1,0,-1,0,-1,1,-1,0,-1,0,-1,0,-1,1,-1,1,-1,0,-1,0
427,-1,0,-1,0,-1,1,-1,0,-1,1,-1,-1,-1,1,-1,0,-1,0,-1,0,-1,1
428,-1,0,-1,0,-1,0,-1,0,-1,1,-1,-1,-1,1,-1,0,-1,-1,-1,-1,-1,0
429,1,0,1,1,1,1,1,1,1,1,1,1,1,1,1,1,1,1,1,1,1,1
430,-1,0,-1,0,-1,-1,-1,-1,-1,-1,-1,1,-1,0,-1,-1,-1,-1,-1,0,-1,-1
431,1,0,1,1,1,1,1,1,1,1,1,1,1,1,1,1,1,1,1,1,1,1
432,1,0,1,0,1,-1,1,1,1,-1,1,-1,1,-1,1,-1,1,-1,1,-1,1,-1
433,-1,0,-1,0,-1,-1,-1,-1,-1,-1,-1,0,-1,-1,-1,-1,-1,-1,-1,0,-1,-1
434,-1,0,-1,0,-1,1,-1,1,-1,-1,-1,-1,-1,0,-1,0,-1,0,-1,0,-1,1
435,-1,0,-1,0,-1,-1,-1,0,-1,-1,-1,0,-1,1,-1,0,-1,-1,-1,0,-1,-1
436,1,0,1,0,1,1,1,1,1,1,1,1,1,1,1,1,1,1,1,1,1,1
437,1,0,1,0,1,1,1,0,1,-1,1,0,1,0,1,1,1,1,1,1,1,1
438,1,0,1,0,1,0,1,1,1,0,1,-1,1,-1,1,0,1,0,1,0,1,0
439,-1,0,-1,-1,-1,0,-1,0,-1,0,-1,-1,-1,-1,-1,-1,-1,-1,-1,0,-1,0
440,-1,0,-1,-1,-1,0,-1,1,-1,0,-1,0,-1,0,-1,0,-1,0,-1,0,-1,0
441,1,0,1,0,1,0,1,1,1,0,1,1,1,-1,1,0,1,1,1,0,1,0
442,-1,0,-1,1,-1,0,-1,0,-1,1,-1,0,-1,0,-1,0,-1,0,-1,0,-1,0
443,-1,0,-1,0,-1,-1,-1,1,-1,-1,-1,-1,-1,-1,-1,-1,-1,-1,-1,-1,-1,-1
444,0,0,0,0,0,0,0,0,0,-1,0,0,0,1,0,0,0,0,0,0,0,0
445,1,0,1,0,1,1,1,-1,1,-1,1,1,1,-1,1,0,1,0,1,1,1,1
446,1,0,1,0,1,1,1,1,1,1,1,1,1,1,1,1,1,1,1,1,1,1
447,1,0,1,0,1,1,1,0,1,1,1,1,1,1,1,1,1,1,1,1,1,1
448,-1,0,-1,0,-1,0,-1,1,-1,-1,-1,-1,-1,1,-1,0,-1,0,-1,-1,-1,0
449,-1,0,-1,0,-1,-1,-1,-1,-1,-1,-1,-1,-1,-1,-1,-1,-1,-1,-1,-1,-1,-1
450,0,0,0,0,0,1,0,1,0,1,0,1,0,0,0,1,0,1,0,1,0,1
451,-1,0,-1,0,-1,-1,-1,0,-1,0,-1,-1,-1,0,-1,-1,-1,-1,-1,-1,-1,-1
452,1,0,1,0,1,1,1,1,1,0,1,0,1,0,1,1,1,1,1,1,1,1
453,-1,0,-1,-1,-1,-1,-1,-1,-1,0,-1,-1,-1,-1,-1,-1,-1,-1,-1,-1,-1,-1
454,1,0,1,0,1,-1,1,0,1,1,1,0,1,0,1,0,1,0,1,0,1,-1
455,-1,0,-1,-1,-1,-1,-1,-1,-1,-1,-1,-1,-1,-1,-1,-1,-1,-1,-1,-1,-1,-1
456,-1,0,-1,0,-1,-1,-1,-1,-1,0,-1,0,-1,-1,-1,-1,-1,-1,-1,-1,-1,-1
457,1,0,1,1,1,0,1,1,1,0,1,0,1,0,1,0,1,0,1,0,1,0
458,-1,0,-1,0,-1,0,-1,1,-1,1,-1,-1,-1,1,-1,0,-1,0,-1,-1,-1,0
459,1,0,1,0,1,0,1,0,1,-1,1,-1,1,0,1,-1,1,-1,1,-1,1,0
460,0,0,0,0,0,1,0,0,0,-1,0,1,0,0,0,1,0,1,0,1,0,1
461,1,0,1,1,1,-1,1,0,1,-1,1,-1,1,-1,1,-1,1,-1,1,-1,1,-1
462,-1,0,-1,0,-1,1,-1,-1,-1,1,-1,-1,-1,1,-1,0,-1,-1,-1,0,-1,1
463,1,0,1,0,1,-1,1,0,1,0,1,-1,1,0,1,-1,1,-1,1,-1,1,-1
464,1,0,1,0,1,0,1,-1,1,0,1,0,1,0,1,0,1,0,1,0,1,0
465,1,0,1,0,1,0,1,0,1,-1,1,-1,1,0,1,-1,1,-1,1,-1,1,0
466,-1,0,-1,0,-1,0,-1,0,-1,0,-1,1,-1,0,-1,0,-1,0,-1,0,-1,0
467,-1,0,-1,-1,-1,-1,-1,-1,-1,-1,-1,-1,-1,-1,-1,-1,-1,-1,-1,-1,-1,-1
468,1,0,1,1,1,0,1,0,1,0,1,0,1,0,1,0,1,0,1,0,1,0
469,1,0,1,-1,1,0,1,-1,1,0,1,-1,1,1,1,0,1,-1,1,0,1,0
470,1,0,1,1,1,1,1,0,1,1,1,0,1,0,1,0,1,0,1,1,1,1
471,0,0,0,1,0,0,0,1,0,-1,0,0,0,0,0,0,0,0,0,0,0,0
472,1,0,1,0,1,1,1,0,1,1,1,1,1,0,1,1,1,1,1,1,1,1
473,1,0,1,0,1,0,1,0,1,-1,1,0,1,0,1,0,1,0,1,0,1,0
474,1,0,1,0,1,1,1,0,1,0,1,1,1,-1,1,0,1,0,1,1,1,1
475,-1,0,-1,1,-1,-1,-1,1,-1,0,-1,-1,-1,0,-1,0,-1,0,-1,-1,-1,-1
476,1,-1,1,-1,1,0,1,1,1,1,1,0,1,0,1,1,1,1,1,0,1,0
477,1,0,1,0,1,1,1,0,1,1,1,1,1,-1,1,1,1,1,1,1,1,1
478,1,0,1,-1,1,0,1,0,1,0,1,-1,1,0,1,0,1,-1,1,-1,1,0
479,0,0,0,0,0,0,0,0,0,0,0,-1,0,0,0,0,0,-1,0,-1,0,0
480,1,0,1,1,1,1,1,1,1,0,1,0,1,1,1,1,1,1,1,1,1,1
481,-1,0,-1,-1,-1,-1,-1,1,-1,1,-1,0,-1,0,-1,0,-1,0,-1,0,-1,-1
482,1,0,1,-1,1,0,1,-1,1,-1,1,0,1,1,1,0,1,-1,1,0,1,0
483,-1,0,-1,0,-1,0,-1,1,-1,1,-1,0,-1,-1,-1,0,-1,0,-1,0,-1,0
484,-1,0,-1,-1,-1,0,-1,-1,-1,0,-1,0,-1,0,-1,-1,-1,-1,-1,0,-1,0
485,0,0,0,-1,0,-1,0,-1,0,1,0,1,0,-1,0,-1,0,-1,0,0,0,-1
486,0,0,0,-1,0,0,0,0,0,1,0,0,0,1,0,0,0,0,0,0,0,0
487,-1,0,-1,0,-1,0,-1,1,-1,-1,-1,0,-1,1,-1,1,-1,0,-1,0,-1,0
488,1,0,1,1,1,0,1,0,1,0,1,-1,1,1,1,0,1,0,1,0,1,0
489,-1,0,-1,-1,-1,-1,-1,1,-1,0,-1,-1,-1,0,-1,0,-1,0,-1,-1,-1,-1
490,1,0,1,0,1,1,1,0,1,1,1,-1,1,0,1,0,1,0,1,0,1,1
491,0,0,0,0,0,0,0,1,0,0,0,1,0,1,0,1,0,1,0,1,0,0
492,1,0,1,0,1,1,1,0,1,-1,1,0,1,0,1,0,1,0,1,1,1,1
493,1,0,1,0,1,0,1,-1,1,0,1,0,1,0,1,-1,1,-1,1,0,1,0
494,1,0,1,0,1,0,1,0,1,1,1,1,1,0,1,0,1,0,1,0,1,0
495,-1,0,-1,0,-1,-1,-1,-1,-1,0,-1,-1,-1,-1,-1,-1,-1,-1,-1,-1,-1,-1
496,-1,0,-1,1,-1,-1,-1,0,-1,0,-1,-1,-1,0,-1,-1,-1,-1,-1,-1,-1,-1
497,0,-1,0,0,0,0,0,1,0,0,0,0,0,0,0,1,0,1,0,0,0,0
498,-1,0,-1,0,-1,-1,-1,-1,-1,0,-1,-1,-1,-1,-1,-1,-1,-1,-1,-1,-1,-1
499,1,0,1,0,1,0,1,1,1,1,1,-1,1,-1,1,0,1,0,1,0,1,0
500,1,0,1,0,1,0,1,0,1,1,1,-1,1,-1,1,-1,1,-1,1,-1,1,0
501,1,0,1,0,1,0,1,1,1,1,1,0,1,1,1,1,1,1,1,0,1,0
502,-1,0,-1,0,-1,-1,-1,0,-1,-1,-1,-1,-1,0,-1,-1,-1,-1,-1,-1,-1,-1
503,1,0,1,0,1,0,1,1,1,0,1,1,1,-1,1,0,1,1,1,0,1,0
504,1,0,1,0,1,-1,1,0,1,-1,1,0,1,0,1,0,1,0,1,0,1,-1
505,1,0,1,0,1,1,1,0,1,1,1,-1,1,-1,1,-1,1,-1,1,-1,1,1
506,-1,0,-1,0,-1,-1,-1,-1,-1,0,-1,0,-1,-1,-1,-1,-1,-1,-1,-1,-1,-1
507,-1,0,-1,-1,-1,-1,-1,-1,-1,0,-1,0,-1,-1,-1,-1,-1,-1,-1,-1,-1,-1
508,1,0,1,-1,1,1,1,0,1,1,1,1,1,1,1,1,1,1,1,1,1,1
509,-1,0,-1,0,-1,0,-1,1,-1,1,-1,0,-1,0,-1,0,-1,0,-1,0,-1,0
510,1,0,1,0,1,0,1,0,1,1,1,-1,1,-1,1,-1,1,-1,1,0,1,0
511,0,-1,0,-1,0,-1,0,0,0,0,0,0,0,-1,0,-1,0,-1,0,-1,0,-1
512,1,0,1,0,1,0,1,1,1,0,1,0,1,1,1,1,1,0,1,0,1,0
513,1,0,1,0,1,0,1,1,1,0,1,0,1,0,1,0,1,1,1,0,1,0
514,1,0,1,0,1,0,1,1,1,0,1,1,1,0,1,1,1,1,1,1,1,0
515,1,0,1,0,1,0,1,1,1,-1,1,0,1,-1,1,1,1,1,1,0,1,0
516,1,-1,1,0,1,0,1,0,1,0,1,-1,1,-1,1,-1,1,0,1,0,1,0
517,0,0,0,0,0,-1,0,1,0,0,0,-1,0,-1,0,0,0,0,0,-1,0,-1
518,-1,0,-1,0,-1,-1,-1,1,-1,-1,-1,-1,-1,-1,-1,-1,-1,-1,-1,-1,-1,-1
519,1,0,1,1,1,0,1,-1,1,-1,1,-1,1,-1,1,-1,1,-1,1,-1,1,0
520,0,0,0,0,0,0,0,1,0,0,0,0,0,-1,0,0,0,0,0,0,0,0
521,1,0,1,0,1,1,1,0,1,1,1,1,1,1,1,1,1,1,1,1,1,1
522,1,0,1,1,1,1,1,1,1,0,1,0,1,0,1,1,1,1,1,1,1,1
523,1,0,1,1,1,0,1,1,1,-1,1,-1,1,-1,1,-1,1,0,1,-1,1,0
524,1,0,1,1,1,0,1,0,1,0,1,1,1,0,1,0,1,0,1,1,1,0
525,-1,0,-1,0,-1,-1,-1,0,-1,0,-1,0,-1,1,-1,0,-1,0,-1,0,-1,-1
526,1,0,1,1,1,0,1,0,1,-1,1,-1,1,-1,1,-1,1,-1,1,0,1,0
527,1,0,1,1,1,1,1,1,1,1,1,1,1,1,1,1,1,1,1,1,1,1
528,1,0,1,1,1,1,1,-1,1,0,1,-1,1,1,1,0,1,-1,1,0,1,1
529,-1,0,-1,0,-1,1,-1,1,-1,0,-1,0,-1,0,-1,0,-1,1,-1,0,-1,1
530,1,0,1,1,1,1,1,1,1,1,1,1,1,1,1,1,1,1,1,1,1,1
531,-1,0,-1,0,-1,0,-1,0,-1,0,-1,-1,-1,-1,-1,-1,-1,0,-1,0,-1,0
532,-1,0,-1,0,-1,-1,-1,0,-1,-1,-1,-1,-1,-1,-1,-1,-1,-1,-1,-1,-1,-1
533,1,-1,1,1,1,1,1,1,1,1,1,1,1,0,1,1,1,1,1,1,1,1
534,1,0,1,1,1,1,1,1,1,1,1,1,1,0,1,1,1,1,1,1,1,1
535,1,0,1,0,1,-1,1,1,1,1,1,0,1,-1,1,0,1,0,1,0,1,-1
536,1,0,1,1,1,0,1,0,1,0,1,1,1,0,1,0,1,1,1,1,1,0
537,1,0,1,1,1,1,1,0,1,1,1,1,1,1,1,1,1,1,1,1,1,1
538,1,0,1,0,1,0,1,1,1,-1,1,1,1,-1,1,1,1,1,1,1,1,0
539,1,0,1,1,1,1,1,1,1,1,1,1,1,0,1,1,1,1,1,1,1,1
540,1,0,1,1,1,1,1,0,1,1,1,1,1,1,1,1,1,1,1,1,1,1
541,1,-1,1,0,1,1,1,0,1,1,1,0,1,0,1,0,1,0,1,1,1,1
542,1,0,1,0,1,0,1,-1,1,-1,1,-1,1,-1,1,-1,1,-1,1,-1,1,0
543,1,0,1,0,1,0,1,0,1,-1,1,1,1,-1,1,0,1,0,1,0,1,0
544,1,0,1,0,1,0,1,1,1,0,1,0,1,1,1,1,1,1,1,0,1,0
545,1,0,1,1,1,0,1,0,1,0,1,1,1,0,1,0,1,0,1,1,1,0
546,1,0,1,1,1,0,1,1,1,-1,1,0,1,1,1,0,1,0,1,0,1,0
547,1,0,1,0,1,0,1,1,1,-1,1,1,1,-1,1,1,1,1,1,1,1,0
548,1,-1,1,0,1,0,1,-1,1,0,1,0,1,0,1,0,1,-1,1,0,1,0
549,-1,0,-1,-1,-1,-1,-1,-1,-1,0,-1,0,-1,-1,-1,-1,-1,-1,-1,-1,-1,-1
550,-1,0,-1,0,-1,0,-1,0,-1,1,-1,0,-1,1,-1,0,-1,0,-1,0,-1,0
551,-1,0,-1,0,-1,-1,-1,0,-1,0,-1,1,-1,1,-1,1,-1,0,-1,0,-1,-1
552,-1,0,-1,0,-1,0,-1,0,-1,0,-1,-1,-1,-1,-1,-1,-1,-1,-1,-1,-1,0
553,-1,0,-1,0,-1,0,-1,0,-1,0,-1,1,-1,1,-1,1,-1,0,-1,0,-1,0
554,-1,0,-1,0,-1,-1,-1,1,-1,1,-1,1,-1,-1,-1,0,-1,0,-1,0,-1,-1
555,0,0,0,0,0,-1,0,0,0,-1,0,0,0,0,0,0,0,0,0,0,0,-1
556,0,0,0,0,0,-1,0,0,0,0,0,0,0,1,0,0,0,0,0,0,0,-1
557,-1,0,-1,0,-1,0,-1,1,-1,0,-1,1,-1,1,-1,1,-1,1,-1,0,-1,0
558,-1,0,-1,-1,-1,0,-1,0,-1,0,-1,-1,-1,0,-1,-1,-1,-1,-1,-1,-1,0
559,1,0,1,-1,1,-1,1,1,1,0,1,0,1,0,1,0,1,0,1,-1,1,-1
560,-1,0,-1,0,-1,-1,-1,0,-1,1,-1,1,-1,1,-1,0,-1,0,-1,0,-1,-1
561,-1,0,-1,0,-1,1,-1,1,-1,1,-1,0,-1,1,-1,1,-1,1,-1,1,-1,1
562,0,0,0,0,0,0,0,0,0,0,0,0,0,1,0,0,0,0,0,0,0,0
563,-1,0,-1,0,-1,1,-1,1,-1,0,-1,0,-1,0,-1,1,-1,1,-1,1,-1,1
564,1,0,1,1,1,1,1,1,1,0,1,1,1,1,1,1,1,1,1,1,1,1
565,1,0,1,1,1,-1,1,1,1,-1,1,-1,1,0,1,0,1,0,1,-1,1,-1
566,0,0,0,0,0,0,0,-1,0,-1,0,1,0,0,0,0,0,0,0,0,0,0
567,-1,0,-1,0,-1,0,-1,0,-1,1,-1,-1,-1,-1,-1,-1,-1,-1,-1,-1,-1,0
568,-1,0,-1,0,-1,-1,-1,-1,-1,-1,-1,0,-1,0,-1,-1,-1,-1,-1,-1,-1,-1
569,1,0,1,0,1,0,1,1,1,1,1,-1,1,1,1,0,1,0,1,-1,1,0
570,-1,0,-1,0,-1,0,-1,0,-1,1,-1,-1,-1,0,-1,-1,-1,-1,-1,-1,-1,0
571,-1,0,-1,1,-1,-1,-1,-1,-1,0,-1,-1,-1,-1,-1,-1,-1,-1,-1,-1,-1,-1
572,-1,0,-1,0,-1,-1,-1,-1,-1,-1,-1,-1,-1,-1,-1,-1,-1,-1,-1,-1,-1,-1
573,-1,0,-1,0,-1,0,-1,0,-1,1,-1,0,-1,-1,-1,-1,-1,0,-1,0,-1,0
574,-1,0,-1,-1,-1,0,-1,0,-1,0,-1,0,-1,0,-1,0,-1,0,-1,0,-1,0
575,1,0,1,0,1,0,1,-1,1,0,1,-1,1,0,1,-1,1,-1,1,-1,1,0
576,-1,0,-1,-1,-1,-1,-1,0,-1,-1,-1,0,-1,0,-1,-1,-1,-1,-1,-1,-1,-1
577,1,0,1,0,1,0,1,-1,1,-1,1,-1,1,-1,1,-1,1,-1,1,-1,1,0
578,-1,0,-1,0,-1,1,-1,1,-1,1,-1,0,-1,0,-1,0,-1,1,-1,0,-1,1
579,-1,0,-1,0,-1,0,-1,1,-1,0,-1,1,-1,1,-1,1,-1,1,-1,1,-1,0
580,-1,0,-1,-1,-1,0,-1,0,-1,-1,-1,-1,-1,0,-1,-1,-1,-1,-1,-1,-1,0
581,1,-1,1,0,1,-1,1,0,1,-1,1,-1,1,-1,1,-1,1,-1,1,-1,1,-1
582,-1,0,-1,0,-1,0,-1,0,-1,1,-1,1,-1,1,-1,1,-1,0,-1,1,-1,0
583,-1,0,-1,0,-1,-1,-1,0,-1,-1,-1,0,-1,1,-1,0,-1,-1,-1,-1,-1,-1
584,-1,0,-1,-1,-1,1,-1,0,-1,1,-1,0,-1,1,-1,0,-1,0,-1,0,-1,1
585,0,0,0,1,0,0,0,0,0,-1,0,1,0,1,0,1,0,0,0,0,0,0
586,1,0,1,0,1,0,1,1,1,0,1,-1,1,-1,1,-1,1,0,1,-1,1,0
587,-1,0,-1,0,-1,1,-1,-1,-1,1,-1,1,-1,1,-1,1,-1,0,-1,1,-1,1
588,-1,0,-1,0,-1,0,-1,1,-1,0,-1,0,-1,-1,-1,0,-1,0,-1,0,-1,0
589,-1,0,-1,0,-1,0,-1,-1,-1,0,-1,-1,-1,0,-1,-1,-1,-1,-1,-1,-1,0
590,1,0,1,0,1,0,1,-1,1,-1,1,-1,1,0,1,-1,1,-1,1,-1,1,0
591,1,0,1,0,1,0,1,0,1,1,1,1,1,0,1,1,1,1,1,1,1,0
592,1,0,1,0,1,0,1,0,1,0,1,0,1,0,1,0,1,0,1,0,1,0
593,-1,0,-1,0,-1,0,-1,1,-1,0,-1,0,-1,0,-1,0,-1,0,-1,0,-1,0
594,1,0,1,0,1,1,1,-1,1,-1,1,0,1,1,1,0,1,0,1,0,1,1
595,-1,0,-1,0,-1,1,-1,1,-1,0,-1,-1,-1,0,-1,0,-1,0,-1,0,-1,1
596,-1,0,-1,0,-1,0,-1,1,-1,0,-1,1,-1,-1,-1,0,-1,1,-1,0,-1,0
597,-1,0,-1,-1,-1,-1,-1,-1,-1,-1,-1,-1,-1,0,-1,-1,-1,-1,-1,-1,-1,-1
598,-1,0,-1,0,-1,0,-1,0,-1,0,-1,0,-1,0,-1,0,-1,0,-1,0,-1,0
599,0,0,0,-1,0,-1,0,0,0,0,0,-1,0,0,0,-1,0,-1,0,-1,0,-1
600,1,0,1,0,1,0,1,1,1,0,1,1,1,1,1,1,1,1,1,1,1,0
601,1,0,1,0,1,-1,1,1,1,0,1,0,1,0,1,0,1,0,1,0,1,-1
602,-1,0,-1,0,-1,-1,-1,0,-1,-1,-1,0,-1,0,-1,-1,-1,-1,-1,-1,-1,-1
603,1,0,1,0,1,0,1,0,1,1,1,1,1,0,1,0,1,0,1,1,1,0
604,1,0,1,0,1,0,1,-1,1,0,1,0,1,1,1,0,1,0,1,0,1,0
605,1,0,1,0,1,1,1,1,1,1,1,1,1,1,1,1,1,1,1,1,1,1
606,1,0,1,0,1,1,1,-1,1,0,1,1,1,1,1,1,1,1,1,1,1,1
607,1,0,1,1,1,0,1,0,1,0,1,0,1,0,1,0,1,0,1,0,1,0
608,1,-1,1,0,1,0,1,0,1,0,1,-1,1,-1,1,-1,1,0,1,0,1,0
609,-1,0,-1,0,-1,-1,-1,0,-1,-1,-1,-1,-1,-1,-1,-1,-1,-1,-1,-1,-1,-1
610,-1,0,-1,0,-1,-1,-1,0,-1,-1,-1,-1,-1,-1,-1,-1,-1,-1,-1,-1,-1,-1
611,-1,0,-1,-1,-1,-1,-1,1,-1,0,-1,-1,-1,0,-1,0,-1,-1,-1,-1,-1,-1
612,-1,0,-1,0,-1,-1,-1,0,-1,-1,-1,-1,-1,0,-1,-1,-1,-1,-1,-1,-1,-1
613,1,0,1,0,1,0,1,0,1,0,1,0,1,-1,1,0,1,0,1,0,1,0
614,1,0,1,0,1,1,1,0,1,0,1,0,1,0,1,0,1,0,1,1,1,1
615,1,0,1,0,1,-1,1,1,1,-1,1,0,1,0,1,0,1,0,1,-1,1,-1
616,1,0,1,0,1,0,1,1,1,0,1,1,1,0,1,1,1,1,1,1,1,0
617,-1,0,-1,-1,-1,0,-1,1,-1,0,-1,0,-1,0,-1,0,-1,0,-1,0,-1,0
618,-1,0,-1,0,-1,-1,-1,1,-1,0,-1,-1,-1,1,-1,0,-1,0,-1,-1,-1,-1
619,1,0,1,1,1,0,1,-1,1,0,1,0,1,-1,1,-1,1,-1,1,0,1,0
620,1,0,1,1,1,0,1,0,1,1,1,0,1,0,1,0,1,0,1,1,1,0
621,1,0,1,0,1,0,1,-1,1,0,1,1,1,-1,1,0,1,0,1,1,1,0
622,1,0,1,0,1,0,1,0,1,0,1,0,1,0,1,0,1,0,1,0,1,0
623,0,0,0,1,0,0,0,0,0,0,0,-1,0,-1,0,-1,0,-1,0,-1,0,0
624,-1,0,-1,0,-1,-1,-1,1,-1,0,-1,-1,-1,-1,-1,0,-1,0,-1,-1,-1,-1
625,0,0,0,0,0,-1,0,-1,0,0,0,-1,0,1,0,-1,0,-1,0,-1,0,-1
626,-1,0,-1,0,-1,-1,-1,1,-1,0,-1,1,-1,0,-1,1,-1,1,-1,0,-1,-1
627,-1,0,-1,0,-1,-1,-1,0,-1,0,-1,-1,-1,-1,-1,-1,-1,-1,-1,-1,-1,-1
628,-1,0,-1,0,-1,-1,-1,1,-1,0,-1,0,-1,-1,-1,0,-1,0,-1,0,-1,-1
629,0,-1,0,1,0,0,0,0,0,-1,0,-1,0,-1,0,-1,0,-1,0,-1,0,0
630,1,0,1,1,1,1,1,1,1,0,1,0,1,1,1,1,1,1,1,1,1,1
631,0,0,0,0,0,-1,0,-1,0,-1,0,1,0,0,0,-1,0,-1,0,0,0,-1
632,-1,0,-1,0,-1,0,-1,0,-1,-1,-1,-1,-1,-1,-1,-1,-1,-1,-1,-1,-1,0
633,0,0,0,-1,0,-1,0,-1,0,-1,0,0,0,-1,0,-1,0,-1,0,-1,0,-1
634,-1,0,-1,0,-1,0,-1,0,-1,0,-1,0,-1,1,-1,0,-1,0,-1,0,-1,0
635,1,0,1,0,1,-1,1,-1,1,-1,1,-1,1,-1,1,-1,1,-1,1,-1,1,-1
636,-1,0,-1,0,-1,-1,-1,0,-1,-1,-1,-1,-1,-1,-1,-1,-1,-1,-1,-1,-1,-1
637,0,0,0,0,0,-1,0,1,0,-1,0,0,0,-1,0,-1,0,0,0,-1,0,-1
638,0,0,0,0,0,1,0,-1,0,0,0,0,0,0,0,0,0,0,0,0,0,1
639,1,0,1,0,1,0,1,1,1,1,1,-1,1,1,1,0,1,0,1,0,1,0
640,1,0,1,0,1,0,1,1,1,-1,1,0,1,0,1,0,1,1,1,0,1,0
641,1,0,1,0,1,0,1,0,1,-1,1,-1,1,0,1,-1,1,-1,1,-1,1,0
642,-1,0,-1,-1,-1,-1,-1,0,-1,-1,-1,0,-1,0,-1,0,-1,0,-1,0,-1,-1
643,0,-1,0,-1,0,-1,0,1,0,-1,0,-1,0,0,0,0,0,-1,0,-1,0,-1
644,0,0,0,-1,0,0,0,-1,0,-1,0,0,0,-1,0,-1,0,-1,0,0,0,0
645,-1,-1,-1,1,-1,0,-1,1,-1,0,-1,0,-1,-1,-1,0,-1,0,-1,0,-1,0
646,1,0,1,-1,1,0,1,1,1,0,1,-1,1,0,1,0,1,0,1,0,1,0
647,1,0,1,1,1,1,1,1,1,0,1,1,1,1,1,1,1,1,1,1,1,1
648,-1,0,-1,0,-1,0,-1,1,-1,1,-1,0,-1,0,-1,1,-1,1,-1,0,-1,0
649,0,0,0,0,0,0,0,0,0,0,0,1,0,0,0,0,0,0,0,0,0,0
650,1,0,1,1,1,1,1,1,1,-1,1,1,1,0,1,1,1,1,1,1,1,1
651,1,0,1,1,1,1,1,1,1,0,1,1,1,0,1,1,1,1,1,1,1,1
652,1,0,1,0,1,1,1,0,1,1,1,0,1,0,1,0,1,0,1,1,1,1
653,1,0,1,0,1,1,1,0,1,-1,1,0,1,-1,1,1,1,1,1,1,1,1
654,-1,0,-1,0,-1,0,-1,-1,-1,-1,-1,0,-1,0,-1,-1,-1,-1,-1,0,-1,0
655,1,0,1,0,1,1,1,0,1,1,1,0,1,1,1,1,1,0,1,1,1,1
656,1,0,1,0,1,1,1,1,1,-1,1,0,1,-1,1,0,1,1,1,0,1,1
657,1,0,1,0,1,0,1,0,1,0,1,0,1,0,1,0,1,0,1,0,1,0
658,0,0,0,0,0,1,0,1,0,0,0,0,0,0,0,0,0,1,0,0,0,1
659,1,-1,1,0,1,0,1,-1,1,1,1,-1,1,-1,1,-1,1,-1,1,-1,1,0
660,-1,0,-1,0,-1,0,-1,-1,-1,1,-1,0,-1,-1,-1,-1,-1,-1,-1,0,-1,0
661,1,-1,1,1,1,0,1,1,1,0,1,0,1,0,1,0,1,1,1,0,1,0
662,1,0,1,0,1,0,1,1,1,0,1,1,1,0,1,1,1,1,1,1,1,0
663,-1,0,-1,0,-1,1,-1,1,-1,1,-1,1,-1,1,-1,1,-1,1,-1,1,-1,1
664,1,0,1,-1,1,0,1,1,1,1,1,1,1,0,1,1,1,1,1,1,1,0
665,-1,0,-1,0,-1,0,-1,0,-1,0,-1,-1,-1,1,-1,1,-1,-1,-1,-1,-1,0
666,-1,0,-1,0,-1,0,-1,0,-1,0,-1,0,-1,-1,-1,-1,-1,0,-1,0,-1,0
667,1,0,1,0,1,0,1,0,1,-1,1,-1,1,-1,1,-1,1,-1,1,-1,1,0
668,1,-1,1,0,1,-1,1,1,1,0,1,0,1,-1,1,-1,1,-1,1,-1,1,-1
669,1,-1,1,0,1,1,1,0,1,1,1,1,1,-1,1,0,1,0,1,1,1,1
670,-1,0,-1,0,-1,0,-1,1,-1,1,-1,1,-1,0,-1,1,-1,0,-1,0,-1,0
671,1,0,1,0,1,-1,1,0,1,1,1,0,1,0,1,0,1,-1,1,-1,1,-1
672,1,0,1,1,1,0,1,0,1,1,1,0,1,-1,1,0,1,0,1,0,1,0
673,1,0,1,0,1,-1,1,-1,1,1,1,-1,1,0,1,-1,1,-1,1,-1,1,-1
674,1,0,1,0,1,1,1,0,1,1,1,0,1,-1,1,0,1,1,1,1,1,1
675,1,0,1,0,1,1,1,-1,1,1,1,1,1,1,1,0,1,0,1,1,1,1
676,0,0,0,0,0,1,0,1,0,1,0,1,0,0,0,1,0,1,0,1,0,1
677,1,0,1,-1,1,0,1,1,1,-1,1,1,1,1,1,1,1,1,1,0,1,0
678,-1,0,-1,1,-1,-1,-1,0,-1,0,-1,-1,-1,0,-1,-1,-1,-1,-1,-1,-1,-1
679,1,0,1,0,1,-1,1,-1,1,0,1,-1,1,-1,1,-1,1,-1,1,-1,1,-1
680,0,0,0,1,0,0,0,1,0,1,0,0,0,1,0,1,0,0,0,0,0,0
681,-1,0,-1,0,-1,-1,-1,0,-1,0,-1,-1,-1,-1,-1,-1,-1,-1,-1,-1,-1,-1
682,-1,0,-1,-1,-1,-1,-1,1,-1,-1,-1,-1,-1,-1,-1,-1,-1,-1,-1,-1,-1,-1
683,0,0,0,-1,0,1,0,0,0,1,0,0,0,1,0,0,0,0,0,0,0,1
684,-1,0,-1,0,-1,-1,-1,1,-1,0,-1,-1,-1,-1,-1,-1,-1,-1,-1,-1,-1,-1
685,1,0,1,0,1,0,1,1,1,0,1,1,1,-1,1,0,1,1,1,1,1,0
686,-1,0,-1,-1,-1,0,-1,1,-1,-1,-1,0,-1,0,-1,1,-1,1,-1,0,-1,0
687,1,0,1,0,1,0,1,0,1,0,1,0,1,-1,1,-1,1,0,1,0,1,0
688,-1,0,-1,0,-1,-1,-1,-1,-1,-1,-1,-1,-1,0,-1,-1,-1,-1,-1,-1,-1,-1
689,1,0,1,-1,1,-1,1,-1,1,0,1,-1,1,0,1,-1,1,-1,1,-1,1,-1
690,0,0,0,-1,0,0,0,0,0,-1,0,0,0,1,0,0,0,0,0,0,0,0
691,-1,0,-1,0,-1,0,-1,1,-1,-1,-1,-1,-1,1,-1,0,-1,0,-1,-1,-1,0
692,1,0,1,0,1,1,1,1,1,1,1,1,1,1,1,1,1,1,1,1,1,1
693,1,0,1,0,1,-1,1,0,1,1,1,0,1,1,1,0,1,-1,1,-1,1,-1
694,-1,0,-1,0,-1,1,-1,-1,-1,0,-1,-1,-1,1,-1,0,-1,-1,-1,0,-1,1
695,-1,0,-1,0,-1,-1,-1,1,-1,-1,-1,-1,-1,-1,-1,-1,-1,-1,-1,-1,-1,-1
696,-1,0,-1,0,-1,0,-1,0,-1,1,-1,0,-1,1,-1,0,-1,0,-1,0,-1,0
697,-1,-1,-1,-1,-1,0,-1,1,-1,1,-1,-1,-1,1,-1,0,-1,0,-1,-1,-1,0
698,-1,-1,-1,0,-1,0,-1,1,-1,0,-1,-1,-1,-1,-1,-1,-1,0,-1,-1,-1,0
699,1,0,1,1,1,1,1,1,1,-1,1,0,1,-1,1,0,1,1,1,0,1,1
700,1,0,1,0,1,1,1,0,1,-1,1,-1,1,-1,1,0,1,0,1,0,1,1
701,-1,0,-1,0,-1,0,-1,0,-1,-1,-1,-1,-1,-1,-1,-1,-1,-1,-1,-1,-1,0
702,0,0,0,-1,0,-1,0,-1,0,0,0,0,0,1,0,0,0,-1,0,0,0,-1
703,-1,0,-1,0,-1,0,-1,0,-1,1,-1,0,-1,1,-1,0,-1,0,-1,0,-1,0
704,-1,0,-1,0,-1,0,-1,-1,-1,-1,-1,1,-1,0,-1,0,-1,0,-1,1,-1,0
705,-1,0,-1,0,-1,0,-1,1,-1,0,-1,0,-1,0,-1,0,-1,0,-1,0,-1,0
706,-1,0,-1,-1,-1,-1,-1,0,-1,-1,-1,0,-1,-1,-1,-1,-1,-1,-1,-1,-1,-1
707,1,0,1,1,1,1,1,1,1,0,1,1,1,0,1,1,1,1,1,1,1,1
708,-1,0,-1,-1,-1,-1,-1,1,-1,0,-1,0,-1,0,-1,0,-1,0,-1,0,-1,-1
709,1,0,1,0,1,0,1,1,1,0,1,1,1,0,1,1,1,1,1,1,1,0
710,-1,0,-1,-1,-1,-1,-1,-1,-1,0,-1,-1,-1,-1,-1,-1,-1,-1,-1,-1,-1,-1
711,1,0,1,0,1,0,1,0,1,1,1,0,1,1,1,0,1,0,1,0,1,0
712,1,0,1,0,1,1,1,1,1,0,1,0,1,1,1,1,1,1,1,1,1,1
713,-1,0,-1,0,-1,0,-1,-1,-1,0,-1,1,-1,0,-1,0,-1,-1,-1,0,-1,0
714,1,0,1,0,1,-1,1,-1,1,0,1,0,1,0,1,-1,1,-1,1,-1,1,-1
715,-1,0,-1,0,-1,-1,-1,-1,-1,0,-1,0,-1,-1,-1,-1,-1,-1,-1,-1,-1,-1
716,1,0,1,-1,1,0,1,1,1,1,1,1,1,1,1,1,1,1,1,1,1,0
717,1,0,1,0,1,0,1,0,1,0,1,1,1,-1,1,0,1,0,1,1,1,0
718,1,0,1,0,1,-1,1,0,1,-1,1,-1,1,0,1,-1,1,-1,1,-1,1,-1
719,-1,0,-1,0,-1,-1,-1,-1,-1,-1,-1,-1,-1,-1,-1,-1,-1,-1,-1,-1,-1,-1
720,-1,0,-1,-1,-1,-1,-1,-1,-1,0,-1,-1,-1,-1,-1,-1,-1,-1,-1,-1,-1,-1
721,-1,0,-1,-1,-1,-1,-1,-1,-1,1,-1,0,-1,0,-1,-1,-1,-1,-1,-1,-1,-1
722,-1,0,-1,-1,-1,-1,-1,0,-1,-1,-1,-1,-1,-1,-1,-1,-1,-1,-1,-1,-1,-1
723,1,0,1,0,1,0,1,1,1,0,1,0,1,0,1,0,1,1,1,0,1,0
724,-1,0,-1,0,-1,-1,-1,1,-1,1,-1,-1,-1,0,-1,-1,-1,-1,-1,-1,-1,-1
725,1,0,1,1,1,1,1,0,1,1,1,1,1,0,1,1,1,1,1,1,1,1
726,-1,0,-1,0,-1,-1,-1,1,-1,1,-1,-1,-1,0,-1,0,-1,0,-1,-1,-1,-1
727,-1,0,-1,0,-1,1,-1,1,-1,1,-1,0,-1,1,-1,1,-1,1,-1,1,-1,1
728,1,0,1,0,1,0,1,1,1,1,1,0,1,1,1,1,1,1,1,0,1,0
729,-1,0,-1,0,-1,0,-1,-1,-1,0,-1,0,-1,0,-1,-1,-1,-1,-1,0,-1,0
730,-1,0,-1,0,-1,-1,-1,1,-1,0,-1,0,-1,0,-1,0,-1,0,-1,0,-1,-1
731,-1,0,-1,0,-1,-1,-1,-1,-1,0,-1,0,-1,0,-1,-1,-1,-1,-1,0,-1,-1
732,-1,0,-1,-1,-1,-1,-1,0,-1,1,-1,0,-1,0,-1,0,-1,-1,-1,-1,-1,-1
733,-1,0,-1,0,-1,0,-1,-1,-1,0,-1,-1,-1,-1,-1,-1,-1,-1,-1,-1,-1,0
734,-1,0,-1,0,-1,0,-1,1,-1,0,-1,-1,-1,0,-1,0,-1,0,-1,0,-1,0
735,-1,0,-1,0,-1,0,-1,0,-1,0,-1,1,-1,1,-1,1,-1,0,-1,0,-1,0
736,-1,0,-1,0,-1,0,-1,0,-1,1,-1,0,-1,-1,-1,0,-1,0,-1,0,-1,0
737,1,0,1,0,1,1,1,1,1,0,1,0,1,-1,1,0,1,1,1,0,1,1
738,-1,0,-1,0,-1,0,-1,-1,-1,-1,-1,-1,-1,0,-1,-1,-1,-1,-1,-1,-1,0
739,-1,0,-1,1,-1,-1,-1,0,-1,0,-1,-1,-1,-1,-1,-1,-1,-1,-1,-1,-1,-1
740,-1,0,-1,0,-1,1,-1,0,-1,-1,-1,1,-1,-1,-1,1,-1,1,-1,1,-1,1
741,1,0,1,0,1,0,1,1,1,1,1,1,1,0,1,0,1,1,1,0,1,0
742,-1,0,-1,-1,-1,0,-1,-1,-1,1,-1,1,-1,0,-1,0,-1,0,-1,0,-1,0
743,1,0,1,0,1,0,1,1,1,1,1,1,1,1,1,1,1,1,1,1,1,0
744,0,0,0,-1,0,0,0,0,0,1,0,0,0,1,0,0,0,0,0,0,0,0
745,1,0,1,0,1,0,1,0,1,0,1,-1,1,0,1,0,1,0,1,0,1,0
746,-1,0,-1,-1,-1,0,-1,-1,-1,-1,-1,0,-1,1,-1,0,-1,-1,-1,0,-1,0
747,1,0,1,0,1,0,1,1,1,1,1,1,1,-1,1,0,1,1,1,1,1,0
748,1,0,1,0,1,1,1,0,1,0,1,1,1,0,1,1,1,1,1,1,1,1
749,1,0,1,0,1,1,1,0,1,1,1,1,1,0,1,1,1,1,1,1,1,1
750,-1,0,-1,0,-1,0,-1,1,-1,0,-1,0,-1,0,-1,0,-1,0,-1,0,-1,0
751,1,0,1,0,1,0,1,0,1,-1,1,0,1,-1,1,-1,1,0,1,0,1,0
752,1,0,1,0,1,1,1,0,1,-1,1,-1,1,0,1,0,1,0,1,0,1,1
753,1,0,1,0,1,0,1,0,1,0,1,1,1,-1,1,0,1,1,1,1,1,0
754,1,0,1,1,1,-1,1,0,1,1,1,0,1,-1,1,-1,1,0,1,0,1,-1
755,1,0,1,0,1,0,1,0,1,1,1,1,1,1,1,1,1,0,1,0,1,0
756,-1,-1,-1,1,-1,0,-1,0,-1,1,-1,-1,-1,0,-1,0,-1,0,-1,0,-1,0
757,-1,0,-1,0,-1,0,-1,1,-1,1,-1,1,-1,-1,-1,0,-1,1,-1,0,-1,0
758,0,0,0,0,0,0,0,-1,0,-1,0,-1,0,-1,0,-1,0,-1,0,-1,0,0
759,1,0,1,0,1,-1,1,0,1,0,1,0,1,-1,1,-1,1,0,1,0,1,-1
760,1,0,1,0,1,0,1,1,1,1,1,1,1,1,1,1,1,1,1,1,1,0
761,-1,0,-1,0,-1,0,-1,0,-1,1,-1,-1,-1,-1,-1,-1,-1,-1,-1,-1,-1,0
762,1,0,1,1,1,0,1,1,1,0,1,1,1,0,1,0,1,0,1,0,1,0
763,1,0,1,-1,1,0,1,1,1,-1,1,-1,1,-1,1,0,1,0,1,-1,1,0
764,-1,0,-1,1,-1,0,-1,1,-1,0,-1,0,-1,0,-1,1,-1,1,-1,0,-1,0
765,1,0,1,0,1,0,1,1,1,-1,1,0,1,0,1,0,1,0,1,0,1,0
766,1,0,1,-1,1,0,1,1,1,1,1,0,1,0,1,0,1,0,1,-1,1,0
767,1,0,1,0,1,0,1,1,1,1,1,-1,1,-1,1,-1,1,-1,1,-1,1,0
768,-1,-1,-1,1,-1,0,-1,1,-1,0,-1,0,-1,0,-1,1,-1,1,-1,0,-1,0
769,0,0,0,1,0,1,0,1,0,0,0,0,0,0,0,1,0,1,0,1,0,1
770,1,0,1,1,1,0,1,1,1,-1,1,1,1,0,1,1,1,1,1,0,1,0
771,-1,0,-1,0,-1,0,-1,1,-1,0,-1,1,-1,0,-1,1,-1,1,-1,0,-1,0
772,-1,0,-1,0,-1,-1,-1,0,-1,0,-1,1,-1,1,-1,0,-1,0,-1,0,-1,-1
773,-1,0,-1,0,-1,0,-1,0,-1,1,-1,-1,-1,-1,-1,-1,-1,-1,-1,-1,-1,0
774,0,0,0,-1,0,-1,0,0,0,-1,0,-1,0,-1,0,-1,0,-1,0,-1,0,-1
775,1,0,1,0,1,0,1,1,1,0,1,0,1,1,1,1,1,1,1,0,1,0
776,1,0,1,1,1,-1,1,0,1,0,1,0,1,0,1,-1,1,-1,1,0,1,-1
777,0,0,0,0,0,0,0,0,0,-1,0,-1,0,0,0,-1,0,-1,0,-1,0,0
778,-1,0,-1,0,-1,-1,-1,0,-1,0,-1,0,-1,-1,-1,-1,-1,-1,-1,-1,-1,-1
779,-1,0,-1,-1,-1,-1,-1,0,-1,0,-1,-1,-1,-1,-1,-1,-1,-1,-1,-1,-1,-1
780,-1,0,-1,1,-1,-1,-1,0,-1,0,-1,0,-1,1,-1,0,-1,-1,-1,-1,-1,-1
781,0,0,0,0,0,0,0,1,0,0,0,1,0,0,0,0,0,1,0,0,0,0
782,1,0,1,-1,1,0,1,0,1,-1,1,-1,1,0,1,-1,1,-1,1,-1,1,0
783,1,0,1,0,1,0,1,0,1,1,1,0,1,0,1,0,1,0,1,0,1,0
784,1,0,1,-1,1,0,1,1,1,-1,1,-1,1,1,1,0,1,0,1,-1,1,0
785,0,0,0,0,0,0,0,1,0,1,0,1,0,1,0,1,0,1,0,1,0,0
786,-1,0,-1,0,-1,0,-1,0,-1,0,-1,-1,-1,0,-1,-1,-1,-1,-1,-1,-1,0
787,1,0,1,0,1,1,1,0,1,0,1,0,1,0,1,0,1,0,1,1,1,1
788,-1,0,-1,0,-1,0,-1,0,-1,0,-1,0,-1,0,-1,0,-1,0,-1,0,-1,0
789,1,0,1,0,1,0,1,1,1,0,1,1,1,0,1,1,1,1,1,1,1,0
790,1,0,1,-1,1,0,1,1,1,0,1,1,1,-1,1,0,1,1,1,0,1,0
791,0,0,0,0,0,0,0,0,0,0,0,-1,0,1,0,0,0,0,0,0,0,0
792,-1,0,-1,0,-1,0,-1,0,-1,-1,-1,-1,-1,0,-1,-1,-1,-1,-1,-1,-1,0
793,1,0,1,-1,1,-1,1,1,1,-1,1,-1,1,1,1,-1,1,-1,1,-1,1,-1
794,-1,0,-1,1,-1,0,-1,-1,-1,0,-1,0,-1,-1,-1,-1,-1,-1,-1,0,-1,0
795,1,0,1,0,1,0,1,0,1,1,1,0,1,0,1,0,1,0,1,0,1,0
796,-1,0,-1,0,-1,0,-1,1,-1,0,-1,-1,-1,0,-1,0,-1,0,-1,-1,-1,0
797,1,0,1,0,1,0,1,0,1,1,1,1,1,0,1,0,1,0,1,1,1,0
798,-1,0,-1,0,-1,-1,-1,0,-1,0,-1,0,-1,0,-1,-1,-1,-1,-1,-1,-1,-1
799,0,0,0,0,0,0,0,0,0,0,0,0,0,0,0,0,0,0,0,0,0,0
800,1,0,1,0,1,1,1,0,1,1,1,1,1,1,1,1,1,1,1,1,1,1
801,-1,0,-1,0,-1,-1,-1,-1,-1,1,-1,0,-1,-1,-1,-1,-1,-1,-1,0,-1,-1
802,-1,0,-1,-1,-1,0,-1,0,-1,-1,-1,0,-1,0,-1,0,-1,0,-1,0,-1,0
803,-1,0,-1,0,-1,-1,-1,0,-1,0,-1,0,-1,0,-1,0,-1,-1,-1,-1,-1,-1
804,1,0,1,0,1,-1,1,0,1,0,1,1,1,-1,1,-1,1,0,1,0,1,-1
805,-1,0,-1,-1,-1,-1,-1,-1,-1,-1,-1,-1,-1,0,-1,-1,-1,-1,-1,-1,-1,-1
806,-1,0,-1,0,-1,-1,-1,-1,-1,0,-1,0,-1,-1,-1,-1,-1,-1,-1,0,-1,-1
807,-1,0,-1,0,-1,0,-1,0,-1,-1,-1,0,-1,1,-1,1,-1,0,-1,0,-1,0
808,-1,0,-1,0,-1,-1,-1,0,-1,0,-1,0,-1,0,-1,0,-1,0,-1,0,-1,-1
809,-1,0,-1,0,-1,-1,-1,-1,-1,0,-1,0,-1,-1,-1,-1,-1,-1,-1,0,-1,-1
810,1,0,1,0,1,0,1,-1,1,0,1,1,1,0,1,0,1,0,1,1,1,0
811,1,0,1,0,1,0,1,0,1,-1,1,-1,1,-1,1,-1,1,-1,1,-1,1,0
812,1,0,1,0,1,1,1,1,1,-1,1,-1,1,0,1,0,1,0,1,0,1,1
813,-1,0,-1,-1,-1,-1,-1,0,-1,0,-1,-1,-1,-1,-1,-1,-1,-1,-1,-1,-1,-1
814,-1,0,-1,0,-1,0,-1,0,-1,0,-1,1,-1,1,-1,0,-1,0,-1,1,-1,0
815,1,0,1,1,1,0,1,1,1,0,1,0,1,0,1,1,1,1,1,0,1,0
816,1,-1,1,1,1,0,1,1,1,-1,1,-1,1,0,1,0,1,0,1,-1,1,0
817,-1,0,-1,0,-1,-1,-1,0,-1,-1,-1,-1,-1,0,-1,-1,-1,-1,-1,-1,-1,-1
818,1,-1,1,0,1,1,1,-1,1,1,1,0,1,1,1,0,1,-1,1,1,1,1
819,-1,0,-1,0,-1,-1,-1,-1,-1,-1,-1,-1,-1,0,-1,-1,-1,-1,-1,-1,-1,-1
820,1,-1,1,1,1,0,1,1,1,0,1,0,1,0,1,0,1,0,1,0,1,0
821,1,0,1,0,1,-1,1,0,1,0,1,0,1,-1,1,-1,1,-1,1,-1,1,-1
822,1,0,1,1,1,1,1,0,1,1,1,1,1,0,1,1,1,1,1,1,1,1
823,1,0,1,0,1,1,1,0,1,1,1,1,1,1,1,1,1,1,1,1,1,1
824,0,0,0,1,0,0,0,1,0,0,0,-1,0,0,0,0,0,0,0,0,0,0
825,0,-1,0,1,0,0,0,1,0,-1,0,-1,0,0,0,0,0,0,0,0,0,0
826,1,0,1,0,1,-1,1,-1,1,-1,1,-1,1,0,1,-1,1,-1,1,-1,1,-1
827,1,-1,1,1,1,0,1,-1,1,-1,1,0,1,0,1,-1,1,-1,1,0,1,0
828,-1,0,-1,0,-1,0,-1,-1,-1,1,-1,0,-1,1,-1,0,-1,0,-1,0,-1,0
829,1,0,1,0,1,1,1,0,1,1,1,1,1,0,1,1,1,1,1,1,1,1
830,-1,0,-1,0,-1,0,-1,1,-1,0,-1,0,-1,0,-1,1,-1,1,-1,0,-1,0
831,1,0,1,1,1,0,1,0,1,-1,1,0,1,1,1,0,1,0,1,0,1,0
832,1,0,1,0,1,1,1,0,1,1,1,1,1,0,1,1,1,1,1,1,1,1
833,-1,0,-1,-1,-1,-1,-1,0,-1,1,-1,1,-1,0,-1,0,-1,0,-1,0,-1,-1
834,1,0,1,0,1,0,1,-1,1,0,1,0,1,-1,1,-1,1,-1,1,0,1,0
835,0,0,0,0,0,-1,0,1,0,0,0,0,0,0,0,0,0,0,0,0,0,-1
836,1,0,1,0,1,0,1,-1,1,0,1,0,1,-1,1,-1,1,-1,1,0,1,0
837,1,0,1,0,1,0,1,1,1,1,1,-1,1,-1,1,0,1,0,1,0,1,0
838,1,0,1,0,1,0,1,1,1,-1,1,-1,1,-1,1,0,1,0,1,-1,1,0
839,-1,0,-1,-1,-1,-1,-1,0,-1,-1,-1,-1,-1,0,-1,-1,-1,-1,-1,-1,-1,-1
840,-1,0,-1,1,-1,0,-1,0,-1,0,-1,1,-1,1,-1,1,-1,0,-1,1,-1,0
841,1,0,1,1,1,0,1,1,1,0,1,1,1,0,1,0,1,1,1,0,1,0
842,1,0,1,1,1,1,1,1,1,0,1,-1,1,0,1,0,1,0,1,0,1,1
843,1,-1,1,0,1,0,1,1,1,1,1,1,1,0,1,0,1,1,1,1,1,0
844,-1,0,-1,-1,-1,-1,-1,-1,-1,1,-1,-1,-1,-1,-1,-1,-1,-1,-1,-1,-1,-1
845,1,0,1,1,1,0,1,1,1,0,1,1,1,0,1,0,1,1,1,0,1,0
846,-1,0,-1,1,-1,-1,-1,1,-1,0,-1,0,-1,-1,-1,0,-1,0,-1,0,-1,-1
847,-1,0,-1,0,-1,0,-1,0,-1,1,-1,0,-1,1,-1,0,-1,0,-1,0,-1,0
848,1,0,1,1,1,1,1,0,1,0,1,0,1,-1,1,0,1,0,1,0,1,1
849,1,0,1,0,1,0,1,0,1,0,1,0,1,-1,1,-1,1,0,1,0,1,0
850,1,0,1,0,1,1,1,0,1,1,1,1,1,1,1,1,1,1,1,1,1,1
851,-1,0,-1,0,-1,-1,-1,-1,-1,1,-1,0,-1,1,-1,0,-1,-1,-1,-1,-1,-1
852,-1,0,-1,-1,-1,-1,-1,0,-1,1,-1,-1,-1,0,-1,-1,-1,-1,-1,-1,-1,-1
853,1,0,1,0,1,1,1,0,1,1,1,1,1,1,1,1,1,1,1,1,1,1
854,1,0,1,0,1,1,1,1,1,1,1,1,1,1,1,1,1,1,1,1,1,1
855,-1,0,-1,0,-1,0,-1,0,-1,-1,-1,0,-1,0,-1,0,-1,0,-1,0,-1,0
856,1,0,1,0,1,1,1,0,1,1,1,1,1,1,1,1,1,1,1,1,1,1
857,-1,0,-1,0,-1,1,-1,1,-1,1,-1,0,-1,1,-1,1,-1,1,-1,1,-1,1
858,1,0,1,0,1,0,1,1,1,0,1,0,1,1,1,1,1,1,1,0,1,0
859,1,0,1,0,1,1,1,1,1,1,1,1,1,1,1,1,1,1,1,1,1,1
860,1,0,1,0,1,1,1,0,1,0,1,1,1,1,1,1,1,0,1,1,1,1
861,1,0,1,0,1,1,1,1,1,0,1,1,1,0,1,1,1,1,1,1,1,1
862,-1,0,-1,0,-1,-1,-1,1,-1,-1,-1,-1,-1,-1,-1,-1,-1,0,-1,-1,-1,-1
863,-1,0,-1,0,-1,-1,-1,0,-1,0,-1,-1,-1,-1,-1,-1,-1,-1,-1,-1,-1,-1
864,1,0,1,0,1,0,1,1,1,-1,1,1,1,0,1,1,1,1,1,1,1,0
865,1,0,1,0,1,1,1,-1,1,0,1,-1,1,1,1,0,1,-1,1,0,1,1
866,1,0,1,1,1,1,1,0,1,-1,1,1,1,0,1,0,1,1,1,1,1,1
867,1,0,1,1,1,1,1,1,1,0,1,0,1,0,1,1,1,1,1,1,1,1
868,1,0,1,0,1,-1,1,-1,1,-1,1,-1,1,0,1,-1,1,-1,1,-1,1,-1
869,-1,0,-1,0,-1,0,-1,1,-1,1,-1,0,-1,0,-1,0,-1,0,-1,0,-1,0
870,1,-1,1,1,1,0,1,0,1,1,1,0,1,1,1,0,1,0,1,0,1,0
871,1,0,1,0,1,0,1,1,1,0,1,1,1,-1,1,0,1,1,1,1,1,0
872,1,0,1,-1,1,1,1,-1,1,-1,1,-1,1,1,1,-1,1,-1,1,0,1,1
873,1,0,1,0,1,1,1,1,1,0,1,1,1,0,1,1,1,1,1,1,1,1
874,1,0,1,-1,1,-1,1,0,1,-1,1,0,1,0,1,-1,1,-1,1,-1,1,-1
875,1,0,1,0,1,1,1,1,1,1,1,1,1,1,1,1,1,1,1,1,1,1
876,0,0,0,0,0,1,0,0,0,0,0,0,0,1,0,1,0,1,0,1,0,1
877,1,-1,1,0,1,0,1,0,1,1,1,0,1,1,1,0,1,-1,1,-1,1,0
878,1,0,1,1,1,-1,1,0,1,0,1,0,1,0,1,-1,1,-1,1,-1,1,-1
879,0,0,0,1,0,1,0,0,0,1,0,1,0,0,0,1,0,1,0,1,0,1
880,1,0,1,0,1,1,1,1,1,1,1,1,1,1,1,1,1,1,1,1,1,1
881,-1,0,-1,0,-1,-1,-1,-1,-1,0,-1,-1,-1,1,-1,-1,-1,-1,-1,-1,-1,-1
882,-1,0,-1,-1,-1,-1,-1,0,-1,0,-1,0,-1,0,-1,0,-1,-1,-1,-1,-1,-1
883,1,0,1,0,1,0,1,1,1,-1,1,0,1,-1,1,0,1,0,1,0,1,0
884,-1,0,-1,0,-1,0,-1,1,-1,-1,-1,-1,-1,0,-1,0,-1,0,-1,-1,-1,0
885,-1,0,-1,1,-1,-1,-1,-1,-1,1,-1,-1,-1,0,-1,-1,-1,-1,-1,-1,-1,-1
886,1,0,1,0,1,0,1,1,1,0,1,0,1,1,1,1,1,1,1,0,1,0
887,-1,0,-1,0,-1,-1,-1,0,-1,-1,-1,-1,-1,-1,-1,-1,-1,-1,-1,-1,-1,-1
888,1,0,1,1,1,-1,1,-1,1,-1,1,-1,1,0,1,-1,1,-1,1,-1,1,-1
889,1,0,1,0,1,0,1,0,1,-1,1,0,1,1,1,0,1,0,1,0,1,0
890,1,0,1,0,1,0,1,0,1,0,1,-1,1,0,1,0,1,-1,1,0,1,0
891,1,0,1,1,1,0,1,0,1,0,1,1,1,1,1,0,1,0,1,0,1,0
892,1,0,1,0,1,0,1,1,1,1,1,1,1,0,1,1,1,1,1,1,1,0
893,1,0,1,0,1,0,1,-1,1,0,1,1,1,0,1,0,1,0,1,0,1,0
894,1,0,1,0,1,1,1,1,1,-1,1,0,1,1,1,1,1,1,1,1,1,1
895,-1,0,-1,0,-1,-1,-1,1,-1,0,-1,-1,-1,0,-1,0,-1,-1,-1,-1,-1,-1
896,-1,0,-1,0,-1,-1,-1,1,-1,-1,-1,0,-1,1,-1,1,-1,0,-1,-1,-1,-1
897,-1,0,-1,-1,-1,-1,-1,-1,-1,1,-1,0,-1,1,-1,-1,-1,-1,-1,-1,-1,-1
898,-1,0,-1,-1,-1,-1,-1,-1,-1,1,-1,-1,-1,0,-1,-1,-1,-1,-1,-1,-1,-1
899,0,0,0,0,0,0,0,1,0,1,0,1,0,0,0,1,0,1,0,0,0,0
900,-1,0,-1,-1,-1,-1,-1,1,-1,0,-1,-1,-1,1,-1,0,-1,0,-1,-1,-1,-1
901,1,0,1,0,1,1,1,0,1,1,1,1,1,1,1,1,1,1,1,1,1,1
902,0,0,0,-1,0,-1,0,0,0,0,0,-1,0,-1,0,-1,0,-1,0,-1,0,-1
903,1,0,1,0,1,-1,1,1,1,-1,1,0,1,1,1,0,1,0,1,-1,1,-1
904,1,0,1,0,1,0,1,0,1,0,1,1,1,-1,1,0,1,1,1,1,1,0
905,-1,0,-1,-1,-1,-1,-1,-1,-1,0,-1,0,-1,-1,-1,-1,-1,-1,-1,-1,-1,-1
906,1,0,1,0,1,0,1,1,1,-1,1,-1,1,-1,1,0,1,0,1,-1,1,0
907,0,0,0,0,0,0,0,1,0,0,0,1,0,0,0,1,0,1,0,1,0,0
908,1,0,1,0,1,1,1,-1,1,0,1,1,1,1,1,1,1,1,1,1,1,1
909,1,0,1,0,1,0,1,0,1,0,1,1,1,1,1,0,1,0,1,0,1,0
910,0,0,0,0,0,-1,0,1,0,0,0,1,0,0,0,0,0,0,0,0,0,-1
911,-1,0,-1,0,-1,0,-1,0,-1,0,-1,0,-1,0,-1,0,-1,0,-1,0,-1,0
912,-1,0,-1,0,-1,1,-1,1,-1,-1,-1,-1,-1,1,-1,1,-1,1,-1,0,-1,1
913,-1,0,-1,0,-1,-1,-1,0,-1,0,-1,-1,-1,-1,-1,-1,-1,-1,-1,-1,-1,-1
914,1,0,1,0,1,1,1,1,1,1,1,0,1,1,1,1,1,1,1,1,1,1
915,-1,0,-1,1,-1,-1,-1,1,-1,-1,-1,1,-1,0,-1,0,-1,1,-1,0,-1,-1
916,-1,0,-1,-1,-1,-1,-1,-1,-1,1,-1,0,-1,0,-1,-1,-1,-1,-1,-1,-1,-1
917,1,0,1,0,1,1,1,1,1,1,1,0,1,1,1,1,1,1,1,1,1,1
918,-1,0,-1,0,-1,-1,-1,-1,-1,0,-1,-1,-1,-1,-1,-1,-1,-1,-1,-1,-1,-1
919,1,0,1,0,1,0,1,1,1,1,1,1,1,1,1,1,1,1,1,1,1,0
920,-1,0,-1,-1,-1,-1,-1,-1,-1,0,-1,-1,-1,1,-1,-1,-1,-1,-1,-1,-1,-1
921,-1,0,-1,0,-1,0,-1,1,-1,1,-1,-1,-1,0,-1,0,-1,0,-1,0,-1,0
922,-1,0,-1,1,-1,-1,-1,0,-1,0,-1,-1,-1,-1,-1,-1,-1,-1,-1,-1,-1,-1
923,-1,0,-1,0,-1,0,-1,0,-1,-1,-1,0,-1,-1,-1,-1,-1,-1,-1,-1,-1,0
924,-1,0,-1,-1,-1,-1,-1,-1,-1,0,-1,0,-1,-1,-1,-1,-1,-1,-1,-1,-1,-1
925,1,0,1,0,1,1,1,1,1,0,1,0,1,1,1,1,1,1,1,0,1,1
926,-1,0,-1,-1,-1,0,-1,0,-1,1,-1,-1,-1,0,-1,-1,-1,-1,-1,-1,-1,0
927,1,0,1,0,1,-1,1,-1,1,-1,1,-1,1,0,1,-1,1,-1,1,-1,1,-1
928,-1,0,-1,0,-1,1,-1,1,-1,0,-1,0,-1,0,-1,0,-1,0,-1,0,-1,1
929,1,0,1,0,1,0,1,-1,1,-1,1,-1,1,-1,1,-1,1,-1,1,-1,1,0
930,1,0,1,0,1,0,1,1,1,0,1,1,1,0,1,1,1,1,1,1,1,0
931,-1,0,-1,0,-1,-1,-1,-1,-1,0,-1,-1,-1,0,-1,-1,-1,-1,-1,-1,-1,-1
932,-1,0,-1,0,-1,0,-1,0,-1,1,-1,-1,-1,0,-1,0,-1,-1,-1,-1,-1,0
933,-1,0,-1,0,-1,-1,-1,0,-1,1,-1,0,-1,1,-1,0,-1,0,-1,0,-1,-1
934,1,0,1,0,1,0,1,-1,1,1,1,0,1,0,1,0,1,0,1,0,1,0
935,0,0,0,0,0,1,0,-1,0,0,0,-1,0,0,0,0,0,0,0,0,0,1
936,-1,0,-1,-1,-1,-1,-1,0,-1,0,-1,0,-1,-1,-1,-1,-1,-1,-1,-1,-1,-1
937,0,0,0,0,0,0,0,-1,0,-1,0,0,0,0,0,0,0,0,0,0,0,0
938,-1,0,-1,0,-1,-1,-1,1,-1,0,-1,-1,-1,0,-1,0,-1,0,-1,-1,-1,-1
939,0,0,0,1,0,0,0,0,0,-1,0,0,0,-1,0,-1,0,0,0,0,0,0
940,-1,0,-1,1,-1,1,-1,1,-1,0,-1,-1,-1,0,-1,0,-1,1,-1,0,-1,1
941,1,0,1,1,1,1,1,0,1,0,1,0,1,-1,1,1,1,1,1,1,1,1
942,-1,0,-1,-1,-1,-1,-1,-1,-1,1,-1,0,-1,0,-1,-1,-1,-1,-1,-1,-1,-1
943,1,0,1,-1,1,1,1,0,1,0,1,-1,1,0,1,0,1,0,1,1,1,1
944,-1,0,-1,-1,-1,-1,-1,-1,-1,-1,-1,-1,-1,1,-1,-1,-1,-1,-1,-1,-1,-1
945,-1,0,-1,0,-1,1,-1,0,-1,0,-1,1,-1,1,-1,1,-1,1,-1,1,-1,1
946,-1,0,-1,1,-1,-1,-1,0,-1,-1,-1,-1,-1,-1,-1,-1,-1,-1,-1,-1,-1,-1
947,-1,0,-1,1,-1,-1,-1,1,-1,-1,-1,-1,-1,0,-1,0,-1,0,-1,-1,-1,-1
948,-1,0,-1,0,-1,0,-1,1,-1,1,-1,0,-1,0,-1,0,-1,0,-1,0,-1,0
949,1,0,1,0,1,1,1,0,1,1,1,0,1,0,1,0,1,0,1,1,1,1
950,-1,0,-1,0,-1,-1,-1,1,-1,-1,-1,1,-1,0,-1,0,-1,0,-1,-1,-1,-1
951,1,0,1,0,1,1,1,1,1,-1,1,1,1,1,1,1,1,1,1,1,1,1
952,1,0,1,1,1,1,1,1,1,0,1,0,1,0,1,1,1,1,1,1,1,1
953,1,0,1,0,1,0,1,0,1,0,1,1,1,0,1,0,1,0,1,0,1,0
954,-1,0,-1,0,-1,0,-1,0,-1,-1,-1,0,-1,-1,-1,0,-1,0,-1,0,-1,0
955,-1,0,-1,-1,-1,0,-1,0,-1,-1,-1,0,-1,0,-1,0,-1,0,-1,0,-1,0
956,-1,0,-1,0,-1,0,-1,-1,-1,0,-1,1,-1,1,-1,1,-1,1,-1,1,-1,0
957,-1,0,-1,0,-1,0,-1,-1,-1,-1,-1,-1,-1,1,-1,-1,-1,-1,-1,0,-1,0
958,-1,0,-1,0,-1,1,-1,1,-1,0,-1,1,-1,-1,-1,1,-1,1,-1,1,-1,1
959,1,0,1,0,1,1,1,1,1,1,1,1,1,1,1,1,1,1,1,1,1,1
960,1,0,1,1,1,1,1,0,1,0,1,0,1,0,1,0,1,0,1,1,1,1
961,-1,0,-1,0,-1,1,-1,1,-1,0,-1,1,-1,1,-1,1,-1,1,-1,1,-1,1
962,1,0,1,0,1,1,1,1,1,1,1,0,1,1,1,1,1,1,1,1,1,1
963,-1,0,-1,1,-1,-1,-1,1,-1,-1,-1,-1,-1,0,-1,-1,-1,-1,-1,-1,-1,-1
964,-1,0,-1,0,-1,-1,-1,0,-1,0,-1,-1,-1,-1,-1,-1,-1,-1,-1,-1,-1,-1
965,0,0,0,-1,0,0,0,0,0,0,0,-1,0,0,0,-1,0,-1,0,-1,0,0
966,1,0,1,0,1,0,1,1,1,1,1,1,1,0,1,1,1,1,1,1,1,0
967,1,0,1,1,1,1,1,0,1,0,1,1,1,1,1,1,1,1,1,1,1,1
968,-1,0,-1,0,-1,-1,-1,0,-1,0,-1,0,-1,-1,-1,-1,-1,-1,-1,-1,-1,-1
969,-1,0,-1,0,-1,0,-1,1,-1,0,-1,0,-1,0,-1,0,-1,0,-1,0,-1,0
970,1,0,1,0,1,0,1,1,1,1,1,1,1,0,1,1,1,1,1,0,1,0
971,1,0,1,0,1,0,1,0,1,0,1,0,1,1,1,0,1,0,1,0,1,0
972,0,0,0,0,0,0,0,0,0,1,0,0,0,-1,0,-1,0,0,0,0,0,0
973,-1,-1,-1,-1,-1,0,-1,1,-1,0,-1,-1,-1,0,-1,0,-1,0,-1,0,-1,0
974,1,0,1,1,1,1,1,0,1,0,1,0,1,1,1,1,1,0,1,1,1,1
975,1,0,1,0,1,0,1,1,1,0,1,0,1,0,1,0,1,0,1,0,1,0
976,1,0,1,1,1,1,1,1,1,1,1,1,1,1,1,1,1,1,1,1,1,1
977,0,0,0,0,0,0,0,0,0,0,0,-1,0,-1,0,-1,0,0,0,0,0,0
978,-1,0,-1,0,-1,-1,-1,0,-1,1,-1,-1,-1,-1,-1,-1,-1,-1,-1,-1,-1,-1
979,0,0,0,0,0,0,0,1,0,-1,0,0,0,1,0,1,0,1,0,0,0,0
980,-1,0,-1,0,-1,-1,-1,-1,-1,0,-1,-1,-1,-1,-1,-1,-1,-1,-1,-1,-1,-1
981,-1,0,-1,0,-1,-1,-1,1,-1,-1,-1,0,-1,-1,-1,0,-1,1,-1,0,-1,-1
982,1,0,1,0,1,0,1,1,1,-1,1,0,1,0,1,1,1,1,1,0,1,0
983,0,0,0,0,0,0,0,-1,0,1,0,0,0,-1,0,-1,0,-1,0,0,0,0
984,1,0,1,0,1,1,1,1,1,1,1,0,1,1,1,1,1,1,1,1,1,1
985,-1,0,-1,0,-1,-1,-1,1,-1,1,-1,-1,-1,-1,-1,-1,-1,0,-1,-1,-1,-1
986,1,0,1,0,1,1,1,0,1,-1,1,0,1,0,1,0,1,0,1,1,1,1
987,-1,0,-1,0,-1,0,-1,0,-1,-1,-1,-1,-1,-1,-1,-1,-1,-1,-1,-1,-1,0
988,0,0,0,0,0,1,0,1,0,0,0,0,0,0,0,1,0,1,0,1,0,1
989,1,0,1,0,1,0,1,-1,1,0,1,1,1,-1,1,0,1,0,1,1,1,0
990,-1,0,-1,1,-1,0,-1,0,-1,0,-1,1,-1,0,-1,0,-1,0,-1,1,-1,0
991,-1,0,-1,0,-1,1,-1,1,-1,-1,-1,-1,-1,-1,-1,0,-1,0,-1,0,-1,1
992,1,0,1,1,1,-1,1,1,1,1,1,0,1,-1,1,0,1,1,1,0,1,-1
993,1,0,1,0,1,-1,1,-1,1,0,1,0,1,-1,1,-1,1,-1,1,-1,1,-1
994,1,0,1,0,1,0,1,1,1,-1,1,0,1,0,1,0,1,0,1,0,1,0
995,1,0,1,0,1,-1,1,0,1,-1,1,-1,1,-1,1,-1,1,-1,1,-1,1,-1
996,0,0,0,0,0,0,0,1,0,0,0,1,0,0,0,1,0,1,0,1,0,0
997,1,0,1,0,1,-1,1,1,1,-1,1,0,1,-1,1,0,1,0,1,0,1,-1
998,1,0,1,0,1,0,1,1,1,0,1,0,1,0,1,0,1,1,1,0,1,0
999,1,0,1,0,1,1,1,0,1,0,1,0,1,-1,1,0,1,0,1,0,1,1
1000,1,0,1,0,1,-1,1,-1,1,0,1,0,1,1,1,0,1,-1,1,0,1,-1
1001,1,0,1,0,1,-1,1,0,1,0,1,-1,1,1,1,0,1,-1,1,-1,1,-1
1002,0,0,0,-1,0,-1,0,0,0,-1,0,0,0,0,0,-1,0,-1,0,-1,0,-1
1003,-1,0,-1,0,-1,1,-1,1,-1,0,-1,0,-1,1,-1,1,-1,1,-1,0,-1,1
1004,1,0,1,1,1,0,1,0,1,-1,1,-1,1,0,1,0,1,-1,1,0,1,0
1005,1,0,1,1,1,1,1,1,1,0,1,0,1,0,1,1,1,1,1,1,1,1
1006,0,0,0,0,0,1,0,0,0,0,0,1,0,1,0,1,0,1,0,1,0,1
1007,1,0,1,0,1,0,1,1,1,-1,1,0,1,-1,1,0,1,0,1,0,1,0
1008,-1,0,-1,0,-1,-1,-1,0,-1,-1,-1,-1,-1,0,-1,-1,-1,-1,-1,-1,-1,-1
1009,0,0,0,0,0,1,0,1,0,-1,0,1,0,0,0,1,0,1,0,1,0,1
1010,-1,0,-1,1,-1,0,-1,1,-1,-1,-1,0,-1,-1,-1,0,-1,0,-1,0,-1,0
1011,-1,0,-1,0,-1,-1,-1,1,-1,0,-1,-1,-1,1,-1,0,-1,-1,-1,-1,-1,-1
1012,1,0,1,0,1,1,1,-1,1,0,1,0,1,0,1,0,1,0,1,1,1,1
1013,1,0,1,1,1,0,1,0,1,0,1,1,1,0,1,0,1,0,1,0,1,0
1014,1,0,1,0,1,1,1,0,1,1,1,-1,1,-1,1,0,1,0,1,0,1,1
1015,1,0,1,1,1,0,1,1,1,0,1,0,1,0,1,0,1,1,1,0,1,0
1016,1,0,1,0,1,0,1,-1,1,0,1,0,1,0,1,0,1,0,1,0,1,0
1017,-1,0,-1,-1,-1,-1,-1,0,-1,0,-1,-1,-1,-1,-1,-1,-1,-1,-1,-1,-1,-1
1018,1,0,1,1,1,1,1,0,1,0,1,0,1,0,1,1,1,1,1,1,1,1
1019,1,0,1,1,1,-1,1,0,1,0,1,1,1,-1,1,0,1,0,1,0,1,-1
1020,1,0,1,0,1,1,1,0,1,0,1,0,1,0,1,0,1,0,1,1,1,1
1021,1,0,1,1,1,0,1,0,1,0,1,0,1,0,1,0,1,0,1,0,1,0
1022,1,0,1,1,1,-1,1,0,1,0,1,0,1,-1,1,-1,1,-1,1,-1,1,-1
1023,1,0,1,-1,1,-1,1,0,1,-1,1,0,1,-1,1,-1,1,-1,1,-1,1,-1
1024,1,0,1,-1,1,0,1,1,1,-1,1,0,1,0,1,0,1,0,1,0,1,0
1025,1,0,1,0,1,-1,1,-1,1,1,1,0,1,0,1,-1,1,-1,1,0,1,-1
1026,1,0,1,1,1,0,1,1,1,-1,1,0,1,0,1,1,1,1,1,0,1,0
1027,1,0,1,0,1,0,1,0,1,0,1,-1,1,0,1,0,1,0,1,0,1,0
1028,-1,0,-1,0,-1,0,-1,1,-1,0,-1,0,-1,0,-1,1,-1,1,-1,0,-1,0
1029,-1,0,-1,0,-1,-1,-1,-1,-1,0,-1,-1,-1,-1,-1,-1,-1,-1,-1,-1,-1,-1
1030,1,0,1,0,1,0,1,0,1,0,1,0,1,-1,1,-1,1,0,1,0,1,0
1031,1,0,1,0,1,-1,1,-1,1,-1,1,-1,1,-1,1,-1,1,-1,1,-1,1,-1
1032,-1,0,-1,0,-1,0,-1,-1,-1,0,-1,-1,-1,0,-1,-1,-1,-1,-1,-1,-1,0
1033,0,0,0,-1,0,0,0,0,0,0,0,0,0,-1,0,-1,0,0,0,0,0,0
1034,-1,0,-1,0,-1,-1,-1,1,-1,-1,-1,-1,-1,-1,-1,0,-1,0,-1,-1,-1,-1
1035,-1,0,-1,0,-1,-1,-1,0,-1,1,-1,-1,-1,0,-1,-1,-1,-1,-1,-1,-1,-1
1036,-1,0,-1,1,-1,0,-1,1,-1,1,-1,-1,-1,0,-1,0,-1,0,-1,-1,-1,0
1037,1,0,1,0,1,0,1,1,1,0,1,0,1,0,1,0,1,1,1,0,1,0
1038,1,0,1,1,1,0,1,1,1,-1,1,1,1,1,1,1,1,0,1,0,1,0
1039,1,0,1,0,1,-1,1,1,1,-1,1,1,1,1,1,1,1,0,1,-1,1,-1
1040,1,0,1,0,1,-1,1,-1,1,-1,1,-1,1,0,1,-1,1,-1,1,-1,1,-1
1041,-1,0,-1,0,-1,0,-1,0,-1,0,-1,0,-1,-1,-1,0,-1,0,-1,0,-1,0
1042,0,0,0,0,0,-1,0,1,0,-1,0,-1,0,0,0,0,0,0,0,-1,0,-1
1043,1,0,1,0,1,1,1,1,1,0,1,1,1,1,1,1,1,1,1,1,1,1
1044,-1,0,-1,1,-1,-1,-1,0,-1,-1,-1,0,-1,-1,-1,-1,-1,-1,-1,-1,-1,-1
1045,1,0,1,1,1,0,1,0,1,0,1,0,1,0,1,0,1,0,1,0,1,0
1046,-1,0,-1,-1,-1,-1,-1,0,-1,-1,-1,-1,-1,-1,-1,-1,-1,-1,-1,-1,-1,-1
1047,1,0,1,1,1,-1,1,1,1,0,1,1,1,1,1,1,1,1,1,0,1,-1
1048,1,0,1,1,1,0,1,1,1,0,1,1,1,1,1,1,1,0,1,0,1,0
1049,-1,0,-1,-1,-1,1,-1,-1,-1,-1,-1,0,-1,0,-1,0,-1,0,-1,1,-1,1
1050,1,0,1,1,1,0,1,1,1,1,1,1,1,1,1,1,1,1,1,0,1,0
1051,0,0,0,0,0,0,0,0,0,-1,0,0,0,1,0,0,0,0,0,0,0,0
1052,1,0,1,0,1,0,1,1,1,0,1,0,1,0,1,0,1,0,1,0,1,0
1053,-1,0,-1,-1,-1,1,-1,0,-1,0,-1,-1,-1,0,-1,0,-1,0,-1,0,-1,1
1054,1,0,1,1,1,0,1,1,1,1,1,1,1,1,1,1,1,1,1,1,1,0
1055,-1,0,-1,-1,-1,0,-1,1,-1,-1,-1,0,-1,0,-1,0,-1,0,-1,0,-1,0
1056,1,0,1,-1,1,0,1,0,1,-1,1,1,1,1,1,1,1,1,1,1,1,0
1057,-1,0,-1,0,-1,0,-1,1,-1,1,-1,0,-1,0,-1,0,-1,1,-1,0,-1,0
1058,-1,0,-1,1,-1,1,-1,-1,-1,-1,-1,-1,-1,-1,-1,-1,-1,-1,-1,-1,-1,1
1059,-1,0,-1,0,-1,0,-1,-1,-1,0,-1,1,-1,1,-1,1,-1,0,-1,1,-1,0
1060,-1,0,-1,0,-1,0,-1,0,-1,0,-1,0,-1,0,-1,0,-1,0,-1,0,-1,0
1061,1,0,1,0,1,0,1,1,1,1,1,0,1,-1,1,0,1,1,1,0,1,0
1062,-1,0,-1,0,-1,-1,-1,1,-1,0,-1,1,-1,-1,-1,0,-1,1,-1,0,-1,-1
1063,-1,0,-1,0,-1,-1,-1,1,-1,-1,-1,0,-1,-1,-1,0,-1,0,-1,0,-1,-1
1064,1,0,1,0,1,-1,1,1,1,0,1,0,1,0,1,0,1,0,1,-1,1,-1
1065,-1,0,-1,0,-1,1,-1,0,-1,0,-1,-1,-1,-1,-1,0,-1,0,-1,0,-1,1
1066,-1,0,-1,0,-1,-1,-1,0,-1,1,-1,-1,-1,0,-1,-1,-1,-1,-1,-1,-1,-1
1067,-1,0,-1,0,-1,0,-1,-1,-1,0,-1,0,-1,0,-1,-1,-1,-1,-1,-1,-1,0
1068,-1,0,-1,-1,-1,0,-1,0,-1,0,-1,0,-1,0,-1,0,-1,0,-1,0,-1,0
1069,1,0,1,1,1,1,1,1,1,0,1,1,1,1,1,1,1,1,1,1,1,1
1070,-1,0,-1,0,-1,0,-1,0,-1,0,-1,1,-1,1,-1,1,-1,0,-1,0,-1,0
1071,1,0,1,-1,1,-1,1,1,1,1,1,1,1,0,1,0,1,0,1,-1,1,-1
1072,-1,0,-1,0,-1,0,-1,1,-1,0,-1,0,-1,-1,-1,0,-1,0,-1,0,-1,0
1073,-1,0,-1,0,-1,0,-1,1,-1,0,-1,0,-1,0,-1,0,-1,0,-1,0,-1,0
1074,1,0,1,0,1,0,1,-1,1,-1,1,-1,1,-1,1,-1,1,-1,1,-1,1,0
1075,-1,0,-1,-1,-1,1,-1,0,-1,0,-1,0,-1,0,-1,1,-1,1,-1,1,-1,1
1076,0,0,0,-1,0,0,0,-1,0,0,0,0,0,0,0,-1,0,-1,0,0,0,0
1077,-1,0,-1,0,-1,-1,-1,0,-1,-1,-1,1,-1,0,-1,0,-1,0,-1,0,-1,-1
1078,1,0,1,0,1,1,1,0,1,1,1,0,1,0,1,0,1,0,1,0,1,1
1079,1,0,1,1,1,-1,1,1,1,1,1,0,1,-1,1,-1,1,0,1,-1,1,-1
1080,-1,0,-1,0,-1,0,-1,-1,-1,-1,-1,0,-1,0,-1,-1,-1,-1,-1,0,-1,0
1081,-1,0,-1,0,-1,0,-1,1,-1,1,-1,0,-1,0,-1,0,-1,0,-1,0,-1,0
1082,-1,0,-1,0,-1,0,-1,0,-1,0,-1,-1,-1,0,-1,0,-1,0,-1,0,-1,0
1083,-1,0,-1,0,-1,0,-1,1,-1,0,-1,0,-1,0,-1,0,-1,0,-1,0,-1,0
1084,1,0,1,1,1,1,1,0,1,0,1,1,1,0,1,0,1,1,1,1,1,1
1085,1,0,1,1,1,1,1,0,1,0,1,1,1,1,1,1,1,1,1,1,1,1
1086,1,0,1,0,1,0,1,1,1,0,1,1,1,1,1,1,1,1,1,1,1,0
1087,1,0,1,0,1,1,1,0,1,0,1,1,1,1,1,1,1,1,1,1,1,1
1088,1,0,1,1,1,0,1,1,1,0,1,1,1,1,1,1,1,1,1,1,1,0
1089,1,0,1,1,1,0,1,-1,1,1,1,0,1,1,1,0,1,-1,1,0,1,0
1090,1,0,1,1,1,1,1,0,1,0,1,1,1,1,1,1,1,1,1,1,1,1
1091,1,0,1,1,1,0,1,-1,1,0,1,0,1,1,1,0,1,-1,1,0,1,0
1092,1,0,1,1,1,1,1,0,1,0,1,1,1,1,1,1,1,1,1,1,1,1
1093,1,0,1,1,1,1,1,1,1,-1,1,0,1,1,1,1,1,1,1,1,1,1
1094,1,0,1,1,1,1,1,0,1,0,1,1,1,1,1,1,1,1,1,1,1,1
1095,-1,0,-1,1,-1,0,-1,1,-1,0,-1,1,-1,0,-1,0,-1,1,-1,0,-1,0
1096,1,0,1,-1,1,0,1,0,1,1,1,0,1,0,1,0,1,0,1,0,1,0
1097,1,0,1,1,1,1,1,0,1,1,1,1,1,1,1,1,1,1,1,1,1,1
1098,-1,0,-1,0,-1,-1,-1,1,-1,0,-1,-1,-1,-1,-1,-1,-1,-1,-1,-1,-1,-1
1099,-1,0,-1,0,-1,-1,-1,1,-1,0,-1,1,-1,0,-1,0,-1,0,-1,0,-1,-1
1100,-1,0,-1,0,-1,0,-1,1,-1,1,-1,0,-1,-1,-1,0,-1,0,-1,0,-1,0
1101,1,0,1,1,1,1,1,0,1,0,1,1,1,1,1,1,1,1,1,1,1,1
1102,-1,0,-1,0,-1,0,-1,0,-1,0,-1,-1,-1,-1,-1,-1,-1,-1,-1,-1,-1,0
1103,1,0,1,1,1,0,1,1,1,0,1,1,1,-1,1,0,1,1,1,0,1,0
1104,-1,0,-1,0,-1,0,-1,1,-1,-1,-1,1,-1,0,-1,0,-1,1,-1,0,-1,0
1105,1,0,1,0,1,0,1,1,1,-1,1,1,1,-1,1,0,1,1,1,0,1,0
1106,1,0,1,1,1,0,1,0,1,1,1,1,1,-1,1,0,1,0,1,1,1,0
1107,1,0,1,0,1,0,1,0,1,0,1,1,1,-1,1,0,1,0,1,0,1,0
1108,1,0,1,0,1,0,1,1,1,-1,1,0,1,0,1,0,1,0,1,0,1,0
1109,1,-1,1,1,1,0,1,0,1,-1,1,1,1,0,1,0,1,0,1,0,1,0
1110,1,0,1,1,1,1,1,1,1,0,1,0,1,1,1,1,1,1,1,1,1,1
1111,-1,0,-1,0,-1,0,-1,-1,-1,-1,-1,1,-1,-1,-1,-1,-1,0,-1,0,-1,0
1112,-1,0,-1,0,-1,-1,-1,0,-1,-1,-1,-1,-1,-1,-1,-1,-1,-1,-1,-1,-1,-1
1113,1,0,1,0,1,0,1,0,1,-1,1,1,1,-1,1,0,1,1,1,1,1,0
1114,1,0,1,1,1,1,1,1,1,0,1,0,1,0,1,1,1,1,1,1,1,1
1115,1,0,1,0,1,-1,1,1,1,0,1,1,1,0,1,0,1,0,1,0,1,-1
1116,1,0,1,1,1,1,1,1,1,0,1,0,1,1,1,1,1,1,1,0,1,1
1117,1,0,1,0,1,0,1,0,1,0,1,0,1,0,1,0,1,0,1,0,1,0
1118,0,0,0,0,0,0,0,1,0,0,0,0,0,0,0,0,0,1,0,0,0,0
1119,1,0,1,0,1,1,1,1,1,0,1,0,1,0,1,1,1,1,1,1,1,1
1120,1,0,1,1,1,1,1,1,1,1,1,1,1,-1,1,1,1,1,1,1,1,1
1121,0,0,0,0,0,1,0,0,0,1,0,1,0,1,0,1,0,1,0,1,0,1
1122,1,0,1,0,1,1,1,1,1,1,1,0,1,0,1,1,1,1,1,1,1,1
1123,1,0,1,1,1,1,1,1,1,1,1,1,1,1,1,1,1,1,1,1,1,1
1124,1,0,1,1,1,1,1,1,1,0,1,1,1,0,1,1,1,1,1,1,1,1
1125,0,0,0,-1,0,0,0,0,0,-1,0,1,0,0,0,0,0,0,0,1,0,0
1126,-1,0,-1,0,-1,1,-1,1,-1,1,-1,1,-1,1,-1,1,-1,1,-1,1,-1,1
1127,1,0,1,0,1,0,1,1,1,0,1,0,1,-1,1,0,1,0,1,0,1,0
1128,-1,0,-1,-1,-1,0,-1,-1,-1,-1,-1,1,-1,0,-1,0,-1,0,-1,0,-1,0
1129,1,0,1,0,1,1,1,1,1,1,1,1,1,1,1,1,1,1,1,1,1,1
1130,-1,0,-1,0,-1,1,-1,0,-1,1,-1,0,-1,1,-1,1,-1,0,-1,0,-1,1
1131,0,0,0,0,0,1,0,1,0,0,0,0,0,0,0,1,0,1,0,0,0,1
1132,1,0,1,1,1,1,1,1,1,1,1,1,1,0,1,1,1,1,1,1,1,1
1133,0,0,0,0,0,0,0,0,0,0,0,1,0,-1,0,0,0,0,0,0,0,0
1134,-1,-1,-1,0,-1,0,-1,0,-1,-1,-1,1,-1,-1,-1,0,-1,0,-1,1,-1,0
1135,-1,0,-1,0,-1,-1,-1,-1,-1,0,-1,0,-1,0,-1,-1,-1,-1,-1,-1,-1,-1
1136,1,0,1,0,1,1,1,0,1,1,1,0,1,0,1,0,1,0,1,1,1,1
1137,1,0,1,0,1,0,1,1,1,-1,1,-1,1,-1,1,0,1,0,1,0,1,0
1138,-1,0,-1,1,-1,0,-1,0,-1,0,-1,0,-1,0,-1,0,-1,0,-1,0,-1,0
1139,1,0,1,0,1,1,1,1,1,0,1,1,1,1,1,1,1,1,1,1,1,1
1140,1,0,1,0,1,1,1,0,1,1,1,1,1,1,1,1,1,1,1,1,1,1
1141,1,0,1,1,1,1,1,0,1,-1,1,1,1,0,1,1,1,1,1,1,1,1
1142,-1,0,-1,0,-1,0,-1,0,-1,-1,-1,0,-1,-1,-1,0,-1,0,-1,0,-1,0
1143,1,0,1,-1,1,-1,1,0,1,-1,1,-1,1,0,1,-1,1,-1,1,-1,1,-1
1144,1,0,1,1,1,-1,1,0,1,1,1,1,1,1,1,0,1,0,1,0,1,-1
1145,1,0,1,1,1,1,1,1,1,0,1,0,1,0,1,1,1,1,1,1,1,1
1146,1,0,1,1,1,0,1,0,1,0,1,0,1,-1,1,0,1,0,1,0,1,0
1147,0,0,0,1,0,-1,0,0,0,1,0,1,0,0,0,-1,0,-1,0,-1,0,-1
1148,1,0,1,1,1,0,1,0,1,0,1,-1,1,1,1,0,1,-1,1,-1,1,0
1149,1,0,1,0,1,1,1,1,1,-1,1,1,1,-1,1,1,1,1,1,1,1,1
1150,1,0,1,1,1,-1,1,0,1,0,1,0,1,0,1,0,1,0,1,0,1,-1
1151,1,0,1,-1,1,1,1,0,1,1,1,1,1,1,1,1,1,1,1,1,1,1
1152,1,0,1,0,1,0,1,-1,1,1,1,0,1,0,1,0,1,-1,1,0,1,0
1153,1,0,1,0,1,0,1,1,1,1,1,1,1,0,1,0,1,1,1,0,1,0
1154,1,0,1,0,1,0,1,0,1,0,1,0,1,1,1,0,1,0,1,0,1,0
1155,0,0,0,1,0,-1,0,-1,0,1,0,0,0,1,0,-1,0,-1,0,-1,0,-1
1156,1,0,1,0,1,1,1,0,1,0,1,1,1,-1,1,0,1,1,1,1,1,1
1157,1,0,1,0,1,1,1,1,1,0,1,0,1,1,1,1,1,1,1,1,1,1
1158,-1,0,-1,1,-1,0,-1,1,-1,-1,-1,-1,-1,-1,-1,0,-1,0,-1,-1,-1,0
1159,-1,0,-1,0,-1,-1,-1,-1,-1,-1,-1,1,-1,0,-1,0,-1,-1,-1,0,-1,-1
1160,1,0,1,0,1,1,1,0,1,1,1,0,1,1,1,1,1,1,1,1,1,1
1161,1,0,1,0,1,1,1,1,1,1,1,1,1,1,1,1,1,1,1,1,1,1
1162,1,0,1,0,1,1,1,1,1,0,1,0,1,0,1,1,1,1,1,0,1,1
1163,-1,0,-1,0,-1,-1,-1,-1,-1,-1,-1,-1,-1,0,-1,-1,-1,-1,-1,-1,-1,-1
1164,-1,0,-1,1,-1,0,-1,0,-1,-1,-1,1,-1,0,-1,0,-1,0,-1,0,-1,0
1165,-1,0,-1,-1,-1,-1,-1,-1,-1,0,-1,-1,-1,-1,-1,-1,-1,-1,-1,-1,-1,-1
1166,1,0,1,0,1,1,1,0,1,1,1,1,1,1,1,1,1,1,1,1,1,1
1167,-1,0,-1,0,-1,-1,-1,0,-1,-1,-1,-1,-1,-1,-1,-1,-1,-1,-1,-1,-1,-1
1168,-1,0,-1,-1,-1,-1,-1,1,-1,0,-1,0,-1,0,-1,0,-1,0,-1,-1,-1,-1
1169,1,0,1,0,1,1,1,0,1,1,1,1,1,0,1,0,1,0,1,1,1,1
1170,-1,0,-1,0,-1,0,-1,0,-1,0,-1,1,-1,-1,-1,0,-1,0,-1,1,-1,0
1171,1,0,1,0,1,-1,1,0,1,-1,1,-1,1,-1,1,-1,1,-1,1,-1,1,-1
1172,1,0,1,0,1,1,1,1,1,-1,1,0,1,-1,1,1,1,1,1,1,1,1
1173,-1,0,-1,-1,-1,-1,-1,-1,-1,0,-1,0,-1,0,-1,-1,-1,-1,-1,-1,-1,-1
1174,-1,0,-1,0,-1,0,-1,-1,-1,-1,-1,-1,-1,1,-1,0,-1,-1,-1,0,-1,0
1175,-1,0,-1,-1,-1,0,-1,0,-1,0,-1,-1,-1,-1,-1,-1,-1,-1,-1,-1,-1,0
1176,-1,0,-1,0,-1,-1,-1,0,-1,-1,-1,-1,-1,0,-1,-1,-1,-1,-1,-1,-1,-1
1177,0,0,0,1,0,1,0,0,0,0,0,0,0,0,0,0,0,0,0,1,0,1
1178,0,0,0,0,0,-1,0,-1,0,-1,0,-1,0,0,0,-1,0,-1,0,-1,0,-1
1179,-1,0,-1,0,-1,0,-1,0,-1,-1,-1,1,-1,0,-1,0,-1,0,-1,1,-1,0
1180,1,0,1,1,1,0,1,1,1,-1,1,-1,1,0,1,0,1,1,1,0,1,0
1181,1,0,1,0,1,0,1,0,1,-1,1,0,1,-1,1,-1,1,0,1,0,1,0
1182,1,0,1,0,1,1,1,1,1,0,1,1,1,0,1,1,1,1,1,1,1,1
1183,1,0,1,0,1,-1,1,0,1,-1,1,-1,1,-1,1,-1,1,-1,1,-1,1,-1
1184,1,0,1,0,1,0,1,0,1,0,1,1,1,0,1,0,1,0,1,0,1,0
1185,1,0,1,0,1,0,1,0,1,-1,1,0,1,-1,1,-1,1,0,1,0,1,0
1186,-1,0,-1,0,-1,1,-1,1,-1,-1,-1,0,-1,0,-1,1,-1,1,-1,0,-1,1
1187,0,0,0,0,0,-1,0,0,0,-1,0,-1,0,-1,0,-1,0,-1,0,-1,0,-1
1188,-1,0,-1,-1,-1,0,-1,1,-1,1,-1,0,-1,1,-1,1,-1,1,-1,0,-1,0
1189,1,0,1,0,1,0,1,0,1,1,1,0,1,0,1,0,1,0,1,0,1,0
1190,1,0,1,0,1,0,1,1,1,-1,1,-1,1,-1,1,0,1,0,1,-1,1,0
1191,-1,0,-1,0,-1,-1,-1,-1,-1,0,-1,-1,-1,-1,-1,-1,-1,-1,-1,-1,-1,-1
1192,-1,0,-1,0,-1,-1,-1,0,-1,-1,-1,-1,-1,-1,-1,-1,-1,-1,-1,-1,-1,-1
1193,-1,0,-1,-1,-1,-1,-1,-1,-1,-1,-1,-1,-1,-1,-1,-1,-1,-1,-1,-1,-1,-1
1194,-1,0,-1,-1,-1,0,-1,0,-1,0,-1,-1,-1,0,-1,-1,-1,-1,-1,-1,-1,0
1195,1,0,1,1,1,1,1,1,1,0,1,1,1,-1,1,1,1,1,1,1,1,1
1196,1,0,1,1,1,0,1,0,1,0,1,-1,1,-1,1,0,1,0,1,0,1,0
1197,1,0,1,1,1,1,1,1,1,1,1,1,1,0,1,1,1,1,1,1,1,1
1198,1,0,1,1,1,1,1,1,1,0,1,1,1,1,1,1,1,1,1,1,1,1
1199,1,0,1,1,1,1,1,1,1,0,1,1,1,1,1,1,1,1,1,1,1,1
1200,1,0,1,1,1,1,1,0,1,1,1,1,1,0,1,1,1,1,1,1,1,1
1201,-1,0,-1,0,-1,0,-1,1,-1,1,-1,1,-1,1,-1,1,-1,1,-1,1,-1,0
1202,-1,0,-1,0,-1,0,-1,1,-1,0,-1,0,-1,0,-1,0,-1,1,-1,0,-1,0
1203,1,0,1,1,1,0,1,0,1,0,1,1,1,1,1,0,1,0,1,0,1,0
1204,-1,0,-1,-1,-1,0,-1,1,-1,0,-1,0,-1,0,-1,0,-1,0,-1,0,-1,0
1205,-1,0,-1,0,-1,1,-1,1,-1,-1,-1,1,-1,1,-1,1,-1,1,-1,1,-1,1
1206,1,0,1,-1,1,0,1,1,1,0,1,0,1,0,1,0,1,0,1,0,1,0
1207,-1,0,-1,0,-1,1,-1,-1,-1,1,-1,-1,-1,-1,-1,0,-1,0,-1,1,-1,1
1208,-1,0,-1,0,-1,0,-1,0,-1,0,-1,0,-1,1,-1,0,-1,0,-1,0,-1,0
1209,1,0,1,0,1,1,1,0,1,1,1,0,1,1,1,1,1,0,1,1,1,1
1210,1,0,1,0,1,1,1,1,1,1,1,1,1,1,1,1,1,1,1,1,1,1
1211,1,0,1,0,1,1,1,1,1,1,1,1,1,1,1,1,1,1,1,1,1,1
1212,1,0,1,0,1,0,1,0,1,0,1,0,1,0,1,0,1,0,1,0,1,0
1213,-1,0,-1,-1,-1,0,-1,-1,-1,0,-1,-1,-1,0,-1,-1,-1,-1,-1,-1,-1,0
1214,1,0,1,0,1,1,1,1,1,0,1,0,1,1,1,1,1,1,1,1,1,1
1215,1,0,1,0,1,1,1,0,1,1,1,1,1,1,1,1,1,1,1,1,1,1
1216,0,0,0,0,0,0,0,1,0,1,0,1,0,0,0,0,0,1,0,1,0,0
1217,1,0,1,0,1,1,1,0,1,1,1,1,1,0,1,1,1,1,1,1,1,1
1218,1,0,1,0,1,1,1,1,1,-1,1,0,1,0,1,1,1,1,1,1,1,1
1219,-1,0,-1,0,-1,-1,-1,1,-1,0,-1,-1,-1,-1,-1,-1,-1,0,-1,-1,-1,-1
1220,1,0,1,0,1,1,1,1,1,1,1,1,1,1,1,1,1,1,1,1,1,1
1221,1,0,1,0,1,0,1,0,1,1,1,0,1,1,1,0,1,0,1,0,1,0
1222,1,0,1,1,1,1,1,1,1,1,1,1,1,1,1,1,1,1,1,1,1,1
1223,0,0,0,1,0,-1,0,0,0,0,0,1,0,0,0,0,0,0,0,0,0,-1
1224,1,0,1,1,1,1,1,0,1,1,1,0,1,0,1,0,1,0,1,1,1,1
1225,1,0,1,1,1,0,1,0,1,1,1,1,1,0,1,0,1,0,1,1,1,0
1226,1,0,1,1,1,1,1,1,1,1,1,0,1,1,1,1,1,1,1,1,1,1
1227,1,0,1,1,1,1,1,0,1,1,1,1,1,1,1,1,1,1,1,1,1,1
1228,1,0,1,0,1,-1,1,-1,1,1,1,-1,1,0,1,-1,1,-1,1,-1,1,-1
1229,1,0,1,1,1,1,1,1,1,0,1,1,1,0,1,1,1,1,1,1,1,1
1230,-1,0,-1,1,-1,1,-1,1,-1,0,-1,1,-1,0,-1,1,-1,1,-1,1,-1,1
1231,0,0,0,0,0,0,0,1,0,1,0,-1,0,0,0,0,0,0,0,0,0,0
1232,-1,0,-1,0,-1,0,-1,-1,-1,0,-1,0,-1,-1,-1,-1,-1,-1,-1,0,-1,0
1233,0,0,0,1,0,0,0,0,0,0,0,1,0,0,0,0,0,0,0,1,0,0
1234,1,0,1,0,1,0,1,0,1,0,1,0,1,1,1,0,1,0,1,0,1,0
1235,-1,0,-1,0,-1,0,-1,0,-1,0,-1,-1,-1,-1,-1,-1,-1,-1,-1,-1,-1,0
1236,1,0,1,1,1,1,1,1,1,1,1,0,1,1,1,1,1,1,1,1,1,1
1237,0,0,0,0,0,-1,0,1,0,-1,0,0,0,1,0,1,0,0,0,-1,0,-1
1238,0,0,0,0,0,-1,0,0,0,-1,0,0,0,0,0,-1,0,-1,0,-1,0,-1
1239,-1,0,-1,0,-1,0,-1,-1,-1,-1,-1,1,-1,-1,-1,0,-1,0,-1,1,-1,0
1240,1,0,1,0,1,0,1,-1,1,0,1,0,1,0,1,-1,1,-1,1,0,1,0
1241,-1,0,-1,0,-1,1,-1,-1,-1,0,-1,0,-1,0,-1,0,-1,0,-1,0,-1,1
1242,-1,0,-1,-1,-1,-1,-1,0,-1,-1,-1,-1,-1,-1,-1,-1,-1,-1,-1,-1,-1,-1
1243,-1,0,-1,0,-1,-1,-1,1,-1,0,-1,0,-1,0,-1,0,-1,0,-1,-1,-1,-1
1244,1,0,1,0,1,1,1,1,1,1,1,1,1,1,1,1,1,1,1,1,1,1
1245,1,0,1,-1,1,-1,1,1,1,0,1,0,1,0,1,0,1,0,1,-1,1,-1
1246,-1,0,-1,-1,-1,0,-1,0,-1,0,-1,0,-1,0,-1,0,-1,0,-1,0,-1,0
1247,1,0,1,0,1,1,1,0,1,-1,1,-1,1,-1,1,-1,1,0,1,0,1,1
1248,-1,0,-1,0,-1,-1,-1,-1,-1,-1,-1,-1,-1,0,-1,-1,-1,-1,-1,-1,-1,-1
1249,1,0,1,0,1,1,1,1,1,1,1,0,1,1,1,1,1,1,1,1,1,1
1250,1,0,1,-1,1,1,1,0,1,0,1,0,1,0,1,1,1,1,1,1,1,1
1251,-1,0,-1,0,-1,0,-1,1,-1,-1,-1,-1,-1,-1,-1,0,-1,1,-1,0,-1,0
1252,1,0,1,0,1,0,1,1,1,1,1,0,1,0,1,0,1,0,1,0,1,0
1253,-1,0,-1,0,-1,1,-1,0,-1,-1,-1,-1,-1,0,-1,0,-1,0,-1,0,-1,1
1254,-1,-1,-1,0,-1,-1,-1,1,-1,0,-1,0,-1,-1,-1,-1,-1,-1,-1,-1,-1,-1
1255,1,0,1,0,1,1,1,1,1,0,1,0,1,1,1,1,1,1,1,0,1,1
1256,-1,0,-1,0,-1,-1,-1,0,-1,0,-1,1,-1,0,-1,0,-1,0,-1,0,-1,-1
1257,1,0,1,0,1,1,1,0,1,1,1,1,1,1,1,1,1,1,1,1,1,1
1258,-1,0,-1,0,-1,-1,-1,0,-1,0,-1,1,-1,0,-1,0,-1,0,-1,0,-1,-1
1259,-1,0,-1,0,-1,0,-1,-1,-1,-1,-1,0,-1,-1,-1,-1,-1,-1,-1,0,-1,0
1260,1,0,1,0,1,1,1,0,1,1,1,1,1,1,1,1,1,1,1,1,1,1
1261,1,0,1,0,1,-1,1,1,1,-1,1,-1,1,-1,1,-1,1,0,1,-1,1,-1
1262,-1,0,-1,0,-1,0,-1,1,-1,-1,-1,-1,-1,0,-1,0,-1,0,-1,-1,-1,0
1263,1,0,1,0,1,1,1,1,1,1,1,0,1,-1,1,1,1,1,1,0,1,1
1264,-1,0,-1,0,-1,-1,-1,0,-1,0,-1,1,-1,0,-1,0,-1,0,-1,0,-1,-1
1265,-1,0,-1,-1,-1,-1,-1,-1,-1,0,-1,0,-1,-1,-1,-1,-1,-1,-1,-1,-1,-1
1266,1,0,1,0,1,1,1,0,1,1,1,1,1,1,1,1,1,1,1,1,1,1
1267,-1,0,-1,-1,-1,-1,-1,0,-1,1,-1,0,-1,0,-1,0,-1,0,-1,0,-1,-1
1268,-1,0,-1,0,-1,0,-1,0,-1,0,-1,-1,-1,-1,-1,-1,-1,-1,-1,-1,-1,0
1269,0,0,0,-1,0,0,0,1,0,1,0,0,0,0,0,1,0,1,0,0,0,0
1270,-1,0,-1,0,-1,-1,-1,1,-1,1,-1,0,-1,-1,-1,0,-1,0,-1,-1,-1,-1
1271,-1,0,-1,-1,-1,-1,-1,-1,-1,0,-1,-1,-1,-1,-1,-1,-1,-1,-1,-1,-1,-1
1272,1,0,1,1,1,-1,1,-1,1,1,1,-1,1,0,1,-1,1,-1,1,-1,1,-1
1273,1,0,1,0,1,1,1,1,1,1,1,1,1,1,1,1,1,1,1,1,1,1
1274,0,-1,0,0,0,-1,0,1,0,0,0,-1,0,-1,0,-1,0,0,0,-1,0,-1
1275,1,-1,1,1,1,0,1,1,1,0,1,0,1,0,1,0,1,0,1,0,1,0
1276,0,0,0,0,0,-1,0,1,0,0,0,1,0,0,0,0,0,0,0,0,0,-1
1277,-1,0,-1,0,-1,0,-1,1,-1,1,-1,0,-1,1,-1,1,-1,1,-1,0,-1,0
1278,-1,0,-1,0,-1,-1,-1,0,-1,1,-1,-1,-1,0,-1,-1,-1,-1,-1,-1,-1,-1
1279,1,0,1,1,1,0,1,0,1,0,1,0,1,1,1,1,1,0,1,0,1,0
1280,-1,0,-1,1,-1,-1,-1,-1,-1,0,-1,0,-1,-1,-1,-1,-1,-1,-1,-1,-1,-1
1281,-1,0,-1,1,-1,0,-1,0,-1,0,-1,-1,-1,0,-1,0,-1,0,-1,0,-1,0
1282,1,0,1,1,1,0,1,0,1,1,1,0,1,1,1,1,1,0,1,0,1,0
1283,1,-1,1,-1,1,0,1,1,1,-1,1,0,1,0,1,1,1,1,1,0,1,0
1284,1,0,1,-1,1,-1,1,-1,1,-1,1,-1,1,-1,1,-1,1,-1,1,-1,1,-1
1285,1,0,1,1,1,1,1,0,1,1,1,1,1,0,1,1,1,1,1,1,1,1
1286,-1,0,-1,0,-1,0,-1,-1,-1,1,-1,-1,-1,-1,-1,-1,-1,-1,-1,-1,-1,0
1287,0,0,0,0,0,0,0,0,0,1,0,-1,0,0,0,-1,0,-1,0,-1,0,0
1288,1,0,1,0,1,1,1,1,1,0,1,0,1,0,1,1,1,1,1,0,1,1
1289,1,0,1,0,1,-1,1,0,1,-1,1,1,1,-1,1,0,1,0,1,0,1,-1
1290,1,0,1,0,1,1,1,1,1,-1,1,0,1,0,1,0,1,1,1,1,1,1
1291,1,0,1,0,1,0,1,1,1,-1,1,-1,1,0,1,0,1,0,1,-1,1,0
1292,-1,0,-1,0,-1,0,-1,-1,-1,-1,-1,-1,-1,-1,-1,-1,-1,-1,-1,-1,-1,0
1293,1,0,1,0,1,0,1,-1,1,1,1,-1,1,-1,1,-1,1,-1,1,0,1,0
1294,-1,0,-1,-1,-1,0,-1,1,-1,0,-1,0,-1,0,-1,0,-1,0,-1,0,-1,0
1295,-1,0,-1,0,-1,0,-1,-1,-1,1,-1,1,-1,1,-1,1,-1,0,-1,1,-1,0
1296,1,0,1,1,1,0,1,0,1,-1,1,1,1,-1,1,0,1,0,1,0,1,0
1297,1,0,1,1,1,1,1,1,1,1,1,1,1,1,1,1,1,1,1,1,1,1
1298,-1,0,-1,0,-1,-1,-1,-1,-1,0,-1,1,-1,0,-1,0,-1,0,-1,1,-1,-1
1299,1,0,1,0,1,1,1,1,1,-1,1,0,1,0,1,1,1,1,1,1,1,1
1300,1,0,1,1,1,0,1,-1,1,1,1,0,1,0,1,0,1,0,1,0,1,0
1301,0,0,0,1,0,0,0,0,0,0,0,-1,0,-1,0,-1,0,-1,0,-1,0,0
1302,-1,0,-1,0,-1,0,-1,0,-1,-1,-1,-1,-1,0,-1,0,-1,-1,-1,-1,-1,0
1303,1,0,1,0,1,0,1,0,1,-1,1,-1,1,0,1,-1,1,-1,1,-1,1,0
1304,1,0,1,0,1,1,1,0,1,-1,1,1,1,0,1,1,1,1,1,1,1,1
1305,1,0,1,0,1,1,1,0,1,0,1,0,1,0,1,0,1,0,1,1,1,1
1306,-1,0,-1,-1,-1,-1,-1,-1,-1,0,-1,-1,-1,0,-1,-1,-1,-1,-1,-1,-1,-1
1307,-1,0,-1,0,-1,-1,-1,-1,-1,1,-1,-1,-1,-1,-1,-1,-1,-1,-1,-1,-1,-1
1308,-1,0,-1,0,-1,0,-1,0,-1,1,-1,0,-1,1,-1,0,-1,0,-1,0,-1,0
1309,-1,0,-1,1,-1,-1,-1,0,-1,1,-1,0,-1,-1,-1,-1,-1,-1,-1,-1,-1,-1
1310,-1,0,-1,0,-1,-1,-1,-1,-1,1,-1,0,-1,0,-1,-1,-1,-1,-1,-1,-1,-1
1311,-1,0,-1,0,-1,-1,-1,0,-1,-1,-1,-1,-1,-1,-1,-1,-1,-1,-1,-1,-1,-1
1312,-1,0,-1,-1,-1,1,-1,0,-1,1,-1,-1,-1,0,-1,0,-1,0,-1,0,-1,1
1313,-1,0,-1,0,-1,1,-1,1,-1,1,-1,0,-1,1,-1,1,-1,1,-1,1,-1,1
1314,-1,0,-1,0,-1,-1,-1,1,-1,0,-1,-1,-1,-1,-1,0,-1,0,-1,-1,-1,-1
1315,0,0,0,0,0,-1,0,-1,0,0,0,-1,0,1,0,-1,0,-1,0,-1,0,-1
1316,-1,0,-1,0,-1,-1,-1,-1,-1,1,-1,0,-1,-1,-1,-1,-1,-1,-1,-1,-1,-1
1317,-1,0,-1,0,-1,-1,-1,1,-1,0,-1,0,-1,1,-1,0,-1,0,-1,0,-1,-1
1318,-1,0,-1,-1,-1,-1,-1,1,-1,1,-1,0,-1,1,-1,0,-1,0,-1,0,-1,-1
1319,1,0,1,0,1,1,1,1,1,1,1,-1,1,-1,1,-1,1,0,1,-1,1,1
1320,-1,0,-1,-1,-1,-1,-1,0,-1,-1,-1,0,-1,1,-1,0,-1,0,-1,0,-1,-1
1321,-1,0,-1,0,-1,1,-1,1,-1,0,-1,0,-1,0,-1,0,-1,1,-1,0,-1,1
1322,-1,0,-1,-1,-1,0,-1,0,-1,1,-1,1,-1,0,-1,0,-1,0,-1,0,-1,0
1323,-1,0,-1,0,-1,-1,-1,-1,-1,1,-1,-1,-1,0,-1,-1,-1,-1,-1,-1,-1,-1
1324,-1,0,-1,0,-1,0,-1,0,-1,-1,-1,-1,-1,0,-1,-1,-1,-1,-1,-1,-1,0
1325,-1,0,-1,0,-1,-1,-1,0,-1,-1,-1,-1,-1,0,-1,-1,-1,-1,-1,-1,-1,-1
1326,-1,0,-1,0,-1,-1,-1,1,-1,0,-1,1,-1,0,-1,0,-1,0,-1,0,-1,-1
1327,1,0,1,1,1,0,1,0,1,0,1,1,1,-1,1,0,1,0,1,1,1,0
1328,1,0,1,1,1,0,1,1,1,-1,1,1,1,-1,1,1,1,1,1,1,1,0
1329,1,0,1,-1,1,1,1,0,1,-1,1,0,1,0,1,0,1,0,1,0,1,1
1330,1,0,1,0,1,0,1,1,1,1,1,-1,1,0,1,0,1,0,1,-1,1,0
1331,1,0,1,0,1,0,1,-1,1,1,1,0,1,1,1,0,1,-1,1,0,1,0
1332,1,0,1,0,1,-1,1,0,1,0,1,1,1,0,1,1,1,1,1,1,1,-1
1333,1,0,1,-1,1,0,1,-1,1,1,1,0,1,1,1,0,1,-1,1,0,1,0
1334,1,0,1,0,1,0,1,0,1,0,1,1,1,1,1,1,1,0,1,1,1,0
1335,1,0,1,1,1,1,1,1,1,1,1,1,1,0,1,1,1,1,1,1,1,1
1336,1,0,1,0,1,1,1,1,1,1,1,1,1,0,1,1,1,1,1,1,1,1
1337,-1,0,-1,1,-1,0,-1,0,-1,0,-1,-1,-1,-1,-1,-1,-1,-1,-1,0,-1,0
1338,1,0,1,0,1,1,1,-1,1,0,1,0,1,0,1,0,1,0,1,1,1,1
1339,1,0,1,0,1,1,1,1,1,0,1,0,1,0,1,1,1,1,1,0,1,1
1340,-1,0,-1,0,-1,1,-1,1,-1,1,-1,1,-1,1,-1,1,-1,1,-1,1,-1,1
1341,1,0,1,-1,1,0,1,-1,1,1,1,1,1,1,1,0,1,0,1,1,1,0
1342,1,0,1,0,1,0,1,0,1,1,1,1,1,0,1,0,1,0,1,0,1,0
1343,1,-1,1,0,1,0,1,-1,1,0,1,0,1,0,1,-1,1,-1,1,0,1,0
1344,-1,0,-1,0,-1,-1,-1,-1,-1,-1,-1,0,-1,-1,-1,-1,-1,-1,-1,-1,-1,-1
1345,-1,0,-1,0,-1,-1,-1,-1,-1,-1,-1,-1,-1,-1,-1,-1,-1,-1,-1,-1,-1,-1
1346,1,0,1,0,1,-1,1,1,1,0,1,0,1,-1,1,0,1,0,1,-1,1,-1
1347,-1,-1,-1,1,-1,0,-1,0,-1,-1,-1,0,-1,-1,-1,-1,-1,0,-1,0,-1,0
1348,-1,0,-1,0,-1,0,-1,1,-1,0,-1,-1,-1,-1,-1,0,-1,0,-1,-1,-1,0
1349,1,0,1,0,1,1,1,0,1,0,1,0,1,1,1,1,1,1,1,1,1,1
1350,-1,0,-1,0,-1,-1,-1,1,-1,-1,-1,-1,-1,-1,-1,-1,-1,0,-1,-1,-1,-1
1351,1,0,1,1,1,1,1,0,1,1,1,1,1,1,1,1,1,1,1,1,1,1
1352,-1,0,-1,-1,-1,-1,-1,1,-1,0,-1,0,-1,-1,-1,0,-1,0,-1,0,-1,-1
1353,0,0,0,0,0,0,0,1,0,0,0,0,0,1,0,1,0,0,0,0,0,0
1354,-1,0,-1,-1,-1,-1,-1,0,-1,0,-1,-1,-1,-1,-1,-1,-1,-1,-1,-1,-1,-1
1355,1,0,1,-1,1,0,1,1,1,1,1,0,1,1,1,1,1,0,1,0,1,0
1356,1,0,1,0,1,1,1,1,1,0,1,1,1,1,1,1,1,1,1,1,1,1
1357,1,0,1,-1,1,-1,1,-1,1,-1,1,-1,1,0,1,-1,1,-1,1,-1,1,-1
1358,1,0,1,0,1,0,1,1,1,1,1,1,1,1,1,1,1,1,1,1,1,0
1359,-1,0,-1,0,-1,-1,-1,0,-1,-1,-1,0,-1,1,-1,0,-1,-1,-1,-1,-1,-1
1360,1,0,1,0,1,0,1,1,1,1,1,1,1,1,1,1,1,1,1,1,1,0
1361,-1,0,-1,0,-1,0,-1,-1,-1,0,-1,0,-1,1,-1,0,-1,-1,-1,0,-1,0
1362,-1,0,-1,0,-1,1,-1,1,-1,1,-1,1,-1,1,-1,1,-1,1,-1,1,-1,1
1363,1,0,1,1,1,0,1,0,1,0,1,0,1,0,1,0,1,0,1,0,1,0
1364,1,0,1,0,1,-1,1,0,1,-1,1,0,1,1,1,0,1,-1,1,-1,1,-1
1365,1,0,1,0,1,0,1,0,1,0,1,0,1,-1,1,0,1,0,1,0,1,0
1366,-1,0,-1,-1,-1,0,-1,1,-1,1,-1,1,-1,0,-1,1,-1,1,-1,1,-1,0
1367,-1,0,-1,-1,-1,-1,-1,1,-1,-1,-1,0,-1,-1,-1,-1,-1,-1,-1,-1,-1,-1
1368,-1,0,-1,0,-1,1,-1,0,-1,1,-1,0,-1,1,-1,1,-1,1,-1,1,-1,1
1369,-1,0,-1,0,-1,1,-1,0,-1,1,-1,0,-1,0,-1,0,-1,0,-1,0,-1,1
1370,-1,0,-1,-1,-1,-1,-1,0,-1,-1,-1,-1,-1,-1,-1,-1,-1,-1,-1,-1,-1,-1
1371,-1,0,-1,-1,-1,-1,-1,-1,-1,1,-1,-1,-1,-1,-1,-1,-1,-1,-1,-1,-1,-1
1372,1,0,1,0,1,0,1,0,1,-1,1,0,1,0,1,0,1,0,1,0,1,0
1373,1,0,1,1,1,1,1,1,1,0,1,0,1,-1,1,0,1,1,1,1,1,1
1374,1,0,1,1,1,1,1,1,1,0,1,0,1,1,1,1,1,1,1,1,1,1
1375,1,0,1,-1,1,-1,1,0,1,0,1,1,1,-1,1,0,1,0,1,0,1,-1
1376,1,0,1,0,1,0,1,1,1,0,1,1,1,0,1,0,1,1,1,0,1,0
1377,1,0,1,0,1,-1,1,0,1,-1,1,0,1,-1,1,-1,1,0,1,0,1,-1
1378,-1,0,-1,1,-1,-1,-1,0,-1,0,-1,-1,-1,-1,-1,-1,-1,-1,-1,-1,-1,-1
1379,1,0,1,0,1,1,1,0,1,1,1,1,1,0,1,1,1,1,1,1,1,1
1380,1,0,1,1,1,1,1,1,1,1,1,-1,1,1,1,1,1,1,1,1,1,1
1381,1,0,1,1,1,0,1,1,1,1,1,0,1,1,1,1,1,0,1,0,1,0
1382,-1,0,-1,0,-1,-1,-1,-1,-1,0,-1,0,-1,-1,-1,-1,-1,-1,-1,0,-1,-1
1383,1,0,1,1,1,1,1,1,1,0,1,1,1,1,1,1,1,1,1,1,1,1
1384,1,0,1,0,1,1,1,1,1,-1,1,0,1,0,1,1,1,1,1,1,1,1
1385,-1,0,-1,0,-1,1,-1,0,-1,0,-1,1,-1,1,-1,1,-1,1,-1,1,-1,1
1386,1,0,1,0,1,0,1,0,1,0,1,1,1,0,1,0,1,0,1,1,1,0
1387,1,0,1,0,1,0,1,0,1,0,1,0,1,1,1,0,1,0,1,0,1,0
1388,1,0,1,0,1,1,1,0,1,1,1,1,1,0,1,0,1,1,1,1,1,1
1389,1,0,1,-1,1,0,1,-1,1,-1,1,-1,1,1,1,0,1,-1,1,-1,1,0
1390,-1,0,-1,0,-1,-1,-1,0,-1,0,-1,1,-1,-1,-1,-1,-1,0,-1,0,-1,-1
1391,1,0,1,0,1,-1,1,-1,1,-1,1,0,1,0,1,0,1,-1,1,0,1,-1
1392,1,0,1,0,1,0,1,1,1,1,1,1,1,0,1,1,1,1,1,1,1,0
1393,1,0,1,0,1,-1,1,1,1,0,1,-1,1,-1,1,-1,1,0,1,-1,1,-1
1394,-1,0,-1,0,-1,1,-1,0,-1,-1,-1,0,-1,-1,-1,0,-1,0,-1,0,-1,1
1395,-1,0,-1,1,-1,0,-1,0,-1,-1,-1,0,-1,0,-1,0,-1,0,-1,0,-1,0
1396,-1,0,-1,0,-1,0,-1,-1,-1,-1,-1,0,-1,0,-1,-1,-1,-1,-1,0,-1,0
1397,-1,0,-1,-1,-1,-1,-1,1,-1,0,-1,0,-1,0,-1,0,-1,0,-1,-1,-1,-1
1398,-1,0,-1,0,-1,-1,-1,0,-1,0,-1,-1,-1,-1,-1,-1,-1,-1,-1,-1,-1,-1
1399,-1,0,-1,0,-1,0,-1,-1,-1,-1,-1,0,-1,0,-1,0,-1,-1,-1,0,-1,0
1400,-1,0,-1,0,-1,0,-1,1,-1,-1,-1,0,-1,0,-1,1,-1,1,-1,0,-1,0
1401,-1,0,-1,0,-1,0,-1,0,-1,-1,-1,-1,-1,-1,-1,0,-1,0,-1,0,-1,0
1402,-1,0,-1,1,-1,1,-1,1,-1,0,-1,0,-1,1,-1,1,-1,1,-1,0,-1,1
1403,-1,0,-1,0,-1,-1,-1,-1,-1,0,-1,-1,-1,0,-1,-1,-1,-1,-1,-1,-1,-1
1404,0,0,0,0,0,0,0,0,0,0,0,0,0,0,0,0,0,0,0,0,0,0
1405,-1,0,-1,-1,-1,0,-1,-1,-1,0,-1,0,-1,0,-1,-1,-1,-1,-1,0,-1,0
1406,-1,0,-1,1,-1,-1,-1,1,-1,-1,-1,0,-1,0,-1,0,-1,0,-1,-1,-1,-1
1407,0,0,0,0,0,0,0,-1,0,1,0,1,0,0,0,0,0,0,0,0,0,0
1408,1,0,1,1,1,1,1,1,1,0,1,1,1,1,1,1,1,1,1,1,1,1
1409,1,0,1,0,1,0,1,1,1,0,1,1,1,1,1,1,1,0,1,0,1,0
1410,1,0,1,1,1,1,1,1,1,0,1,1,1,0,1,1,1,1,1,1,1,1
1411,-1,0,-1,0,-1,-1,-1,-1,-1,1,-1,0,-1,-1,-1,-1,-1,-1,-1,0,-1,-1
1412,1,0,1,-1,1,0,1,1,1,0,1,0,1,0,1,0,1,0,1,0,1,0
1413,0,0,0,0,0,0,0,1,0,1,0,0,0,-1,0,0,0,0,0,0,0,0
1414,1,0,1,0,1,0,1,1,1,-1,1,-1,1,1,1,0,1,0,1,-1,1,0
1415,1,0,1,1,1,0,1,1,1,-1,1,1,1,0,1,1,1,1,1,1,1,0
1416,0,0,0,0,0,0,0,-1,0,-1,0,0,0,-1,0,-1,0,-1,0,0,0,0
1417,-1,0,-1,0,-1,0,-1,1,-1,1,-1,0,-1,-1,-1,0,-1,0,-1,0,-1,0
1418,-1,0,-1,0,-1,0,-1,1,-1,0,-1,0,-1,-1,-1,-1,-1,0,-1,0,-1,0
1419,1,0,1,1,1,1,1,1,1,-1,1,1,1,0,1,1,1,1,1,1,1,1
1420,1,0,1,1,1,-1,1,0,1,-1,1,-1,1,0,1,-1,1,-1,1,-1,1,-1
1421,-1,0,-1,0,-1,-1,-1,0,-1,1,-1,0,-1,0,-1,0,-1,0,-1,0,-1,-1
1422,1,0,1,1,1,0,1,0,1,0,1,1,1,-1,1,-1,1,0,1,1,1,0
1423,-1,0,-1,0,-1,0,-1,1,-1,1,-1,-1,-1,1,-1,0,-1,0,-1,-1,-1,0
1424,1,0,1,0,1,0,1,1,1,1,1,-1,1,1,1,0,1,0,1,0,1,0
1425,0,0,0,0,0,-1,0,-1,0,1,0,-1,0,-1,0,-1,0,-1,0,-1,0,-1
